[
  {
    "id": "466ade49-1e97-4c26-9c6f-8a34350a8448",
    "data": [
      {
        "text": "what can I do as a ",
        "userDefined": false
      },
      {
        "text": "bookkeeper",
        "alias": "Accounting_Help",
        "meta": "@Accounting_Help",
        "userDefined": false
      }
    ],
    "isTemplate": false,
    "count": 0,
    "updated": 1523217993
  },
  {
    "id": "1e7b4310-1ccf-4749-9abf-14e2fee28753",
    "data": [
      {
        "text": "how do I control the ",
        "userDefined": false
      },
      {
        "text": "finances",
        "alias": "Accounting_Help",
        "meta": "@Accounting_Help",
        "userDefined": true
      }
    ],
    "isTemplate": false,
    "count": 0,
    "updated": 1523217993
  },
  {
    "id": "2de70fff-8aac-4269-822b-61893786c256",
    "data": [
      {
        "text": "how do I ",
        "userDefined": false
      },
      {
        "text": "manage the books",
        "alias": "Accounting_Help",
        "meta": "@Accounting_Help",
        "userDefined": false
      }
    ],
    "isTemplate": false,
    "count": 0,
    "updated": 1523217993
  },
  {
    "id": "6ff0d8ae-193d-4862-b80c-a6b7c6c6c1a5",
    "data": [
      {
        "text": "I need help with ",
        "userDefined": false
      },
      {
        "text": "accounting",
        "alias": "Accounting_Help",
        "meta": "@Accounting_Help",
        "userDefined": false
      }
    ],
    "isTemplate": false,
    "count": 0,
    "updated": 1523217993
  }
]