[
  {
    "id": "41598ce0-2e8a-449f-b530-dd1486022243",
    "data": [
      {
        "text": "what are the steps in ",
        "userDefined": false
      },
      {
        "text": "bookkeeping",
        "alias": "departments",
        "meta": "@departments",
        "userDefined": true
      }
    ],
    "isTemplate": false,
    "count": 0,
    "updated": 1523216987
  },
  {
    "id": "02671f2b-aa18-4bda-b625-6e36eff104b9",
    "data": [
      {
        "text": "Tell about ",
        "userDefined": false
      },
      {
        "text": "accounting",
        "alias": "departments",
        "meta": "@departments",
        "userDefined": false
      },
      {
        "text": " tasks",
        "userDefined": false
      }
    ],
    "isTemplate": false,
    "count": 0,
    "updated": 1523216987
  }
]