[
  {
    "id": "0ed3ea7b-1ff1-491d-98c8-bac8eb90a5b7",
    "data": [
      {
        "text": "tell me about the ",
        "userDefined": false
      },
      {
        "text": "Katenna hotel",
        "alias": "Company_Name",
        "meta": "@Company_Name",
        "userDefined": false
      },
      {
        "text": "\u0027s ",
        "userDefined": false
      },
      {
        "text": "history",
        "alias": "Company_History",
        "meta": "@Company_History",
        "userDefined": false
      }
    ],
    "isTemplate": false,
    "count": 0,
    "updated": 1523822664
  },
  {
    "id": "a320b5ef-eecb-4e01-a526-3e367c3c4bed",
    "data": [
      {
        "text": "Katenna hotel",
        "alias": "Company_Name",
        "meta": "@Company_Name",
        "userDefined": false
      },
      {
        "text": " ",
        "userDefined": false
      },
      {
        "text": "history",
        "alias": "Company_History",
        "meta": "@Company_History",
        "userDefined": true
      }
    ],
    "isTemplate": false,
    "count": 0,
    "updated": 1523822664
  },
  {
    "id": "6a361a77-d3f3-47ba-8cc3-a74028152fc0",
    "data": [
      {
        "text": "I want to know more about the ",
        "userDefined": false
      },
      {
        "text": "hotel",
        "alias": "company",
        "meta": "@company",
        "userDefined": false
      },
      {
        "text": "\u0027s ",
        "userDefined": false
      },
      {
        "text": "history",
        "alias": "Company_History",
        "meta": "@Company_History",
        "userDefined": true
      }
    ],
    "isTemplate": false,
    "count": 0,
    "updated": 1523822664
  },
  {
    "id": "94e414eb-c791-4e42-9286-3e1612104a50",
    "data": [
      {
        "text": "Orion\u0027s",
        "alias": "company",
        "meta": "@company",
        "userDefined": false
      },
      {
        "text": " ",
        "userDefined": false
      },
      {
        "text": "history",
        "alias": "Company_History",
        "meta": "@Company_History",
        "userDefined": true
      }
    ],
    "isTemplate": false,
    "count": 0,
    "updated": 1523822664
  },
  {
    "id": "03a66336-eaad-4cfd-98db-49942d622db0",
    "data": [
      {
        "text": "history",
        "alias": "Company_History",
        "meta": "@Company_History",
        "userDefined": true
      },
      {
        "text": " of the ",
        "userDefined": false
      },
      {
        "text": "hotel",
        "alias": "company",
        "meta": "@company",
        "userDefined": false
      }
    ],
    "isTemplate": false,
    "count": 0,
    "updated": 1523822664
  },
  {
    "id": "7ef3dabf-fefc-4732-b340-df35b066d68a",
    "data": [
      {
        "text": "Tell me about the ",
        "userDefined": false
      },
      {
        "text": "history",
        "alias": "Company_History",
        "meta": "@Company_History",
        "userDefined": true
      }
    ],
    "isTemplate": false,
    "count": 0,
    "updated": 1523822664
  }
]