[
  {
    "id": "518a2410-e92b-4746-87a0-59856d97fdfb",
    "data": [
      {
        "text": "tell me about ",
        "userDefined": false
      },
      {
        "text": "the hotel",
        "alias": "company",
        "meta": "@company",
        "userDefined": false
      },
      {
        "text": " ",
        "userDefined": false
      },
      {
        "text": "amenities",
        "alias": "amenities",
        "meta": "@amenities",
        "userDefined": true
      }
    ],
    "isTemplate": false,
    "count": 0,
    "updated": 1523821211
  },
  {
    "id": "a2aab367-be80-41e4-ad0b-bf7b8d9a792e",
    "data": [
      {
        "text": "Amenities at ",
        "userDefined": false
      },
      {
        "text": "the Orion",
        "alias": "company",
        "meta": "@company",
        "userDefined": false
      }
    ],
    "isTemplate": false,
    "count": 0,
    "updated": 1523821211
  },
  {
    "id": "4eb581b8-f6d9-4b34-bac8-b94a4fd75f42",
    "data": [
      {
        "text": "hotel",
        "alias": "company",
        "meta": "@company",
        "userDefined": false
      },
      {
        "text": " amenity",
        "userDefined": false
      }
    ],
    "isTemplate": false,
    "count": 0,
    "updated": 1523821211
  },
  {
    "id": "f4efc1f3-b483-4487-b902-addc1e5d38bf",
    "data": [
      {
        "text": "any ",
        "userDefined": false
      },
      {
        "text": "places to eat",
        "alias": "company",
        "meta": "@company",
        "userDefined": true
      }
    ],
    "isTemplate": false,
    "count": 0,
    "updated": 1523821211
  },
  {
    "id": "e05f8687-2ae3-49b3-898f-d03d5162c97e",
    "data": [
      {
        "text": "is there a ",
        "userDefined": false
      },
      {
        "text": "gym",
        "alias": "company",
        "meta": "@company",
        "userDefined": true
      }
    ],
    "isTemplate": false,
    "count": 0,
    "updated": 1523821211
  },
  {
    "id": "830b0aa2-a9f2-426b-b044-55a7dad61a7b",
    "data": [
      {
        "text": "is there a ",
        "userDefined": false
      },
      {
        "text": "tennis court",
        "alias": "company",
        "meta": "@company",
        "userDefined": true
      }
    ],
    "isTemplate": false,
    "count": 0,
    "updated": 1523821211
  },
  {
    "id": "15449fdd-ceab-4b64-9e3e-74ad1f34a514",
    "data": [
      {
        "text": "does it have a ",
        "userDefined": false
      },
      {
        "text": "pool",
        "alias": "company",
        "meta": "@company",
        "userDefined": true
      }
    ],
    "isTemplate": false,
    "count": 0,
    "updated": 1523821211
  },
  {
    "id": "1d05ceaf-41c8-4bc7-8f6c-484989dcca20",
    "data": [
      {
        "text": "amenities",
        "userDefined": false
      }
    ],
    "isTemplate": false,
    "count": 0,
    "updated": 1523821211
  },
  {
    "id": "d6919c78-85d7-47a3-9f3b-b9bc2905204c",
    "data": [
      {
        "text": "any amenities",
        "userDefined": false
      }
    ],
    "isTemplate": false,
    "count": 0,
    "updated": 1523821211
  }
]