[
  {
    "id": "eae079d1-416c-4526-83a7-c6bbbed21b93",
    "data": [
      {
        "text": "tell me about the ",
        "userDefined": false
      },
      {
        "text": "features",
        "alias": "features",
        "meta": "@features",
        "userDefined": false
      }
    ],
    "isTemplate": false,
    "count": 0,
    "updated": 1523825704
  },
  {
    "id": "e6e52d87-7918-437b-83e5-a095f67a56d8",
    "data": [
      {
        "text": "what ",
        "userDefined": false
      },
      {
        "text": "features",
        "alias": "features",
        "meta": "@features",
        "userDefined": false
      },
      {
        "text": " are available at ",
        "userDefined": false
      },
      {
        "text": "the hotel",
        "alias": "company",
        "meta": "@company",
        "userDefined": false
      }
    ],
    "isTemplate": false,
    "count": 0,
    "updated": 1523825704
  },
  {
    "id": "51964055-e48c-4465-86cb-c9a257fd5642",
    "data": [
      {
        "text": "what special ",
        "userDefined": false
      },
      {
        "text": "features",
        "alias": "features",
        "meta": "@features",
        "userDefined": false
      },
      {
        "text": " ",
        "userDefined": false
      },
      {
        "text": "does",
        "meta": "@sys.ignore",
        "userDefined": false
      },
      {
        "text": " ",
        "userDefined": false
      },
      {
        "text": "the hotel",
        "alias": "company",
        "meta": "@company",
        "userDefined": false
      },
      {
        "text": " have to offer guests",
        "userDefined": false
      }
    ],
    "isTemplate": false,
    "count": 0,
    "updated": 1523825704
  },
  {
    "id": "7989405d-a8ec-4a69-8af4-be4aedff04f0",
    "data": [
      {
        "text": "features",
        "alias": "features",
        "meta": "@features",
        "userDefined": true
      }
    ],
    "isTemplate": false,
    "count": 0,
    "updated": 1523825704
  },
  {
    "id": "d01cb575-b56b-47ae-b6fc-7657c2bfd238",
    "data": [
      {
        "text": "hotel",
        "alias": "company",
        "meta": "@company",
        "userDefined": false
      },
      {
        "text": " ",
        "userDefined": false
      },
      {
        "text": "features",
        "alias": "features",
        "meta": "@features",
        "userDefined": true
      }
    ],
    "isTemplate": false,
    "count": 0,
    "updated": 1523825704
  },
  {
    "id": "084ccbe8-41cf-4637-b28d-ef6f7ffb953f",
    "data": [
      {
        "text": "what are its ",
        "userDefined": false
      },
      {
        "text": "features",
        "alias": "features",
        "meta": "@features",
        "userDefined": true
      }
    ],
    "isTemplate": false,
    "count": 0,
    "updated": 1523825704
  },
  {
    "id": "01680e85-64e6-4e92-9f12-8588ffc87b3a",
    "data": [
      {
        "text": "are there any cool ",
        "userDefined": false
      },
      {
        "text": "features",
        "alias": "features",
        "meta": "@features",
        "userDefined": true
      },
      {
        "text": " ",
        "userDefined": false
      },
      {
        "text": "here",
        "alias": "company",
        "meta": "@company",
        "userDefined": true
      }
    ],
    "isTemplate": false,
    "count": 0,
    "updated": 1523825704
  },
  {
    "id": "59e31330-d019-4985-91c3-1a36c07cf8a7",
    "data": [
      {
        "text": "what ",
        "userDefined": false
      },
      {
        "text": "features",
        "alias": "features",
        "meta": "@features",
        "userDefined": true
      },
      {
        "text": " does the ",
        "userDefined": false
      },
      {
        "text": "hotel",
        "alias": "company",
        "meta": "@company",
        "userDefined": false
      },
      {
        "text": " have",
        "userDefined": false
      }
    ],
    "isTemplate": false,
    "count": 0,
    "updated": 1523825704
  }
]