[
  {
    "id": "32dfdced-bfb8-4fb2-bd74-a6803263c826",
    "data": [
      {
        "text": "info",
        "alias": "Company_Contact_Info",
        "meta": "@Company_Contact_Info",
        "userDefined": true
      }
    ],
    "isTemplate": false,
    "count": 0,
    "updated": 1523999757
  },
  {
    "id": "b1e1718e-8db9-415d-804d-3e2d58d512dd",
    "data": [
      {
        "text": "hotel",
        "alias": "amenities",
        "meta": "@amenities",
        "userDefined": false
      },
      {
        "text": " ",
        "userDefined": false
      },
      {
        "text": "number",
        "alias": "Company_Contact_Info",
        "meta": "@Company_Contact_Info",
        "userDefined": true
      }
    ],
    "isTemplate": false,
    "count": 0,
    "updated": 1523999757
  },
  {
    "id": "b6cc8d56-a89c-468e-a3c5-dd6475cb102e",
    "data": [
      {
        "text": "hotel",
        "alias": "amenities",
        "meta": "@amenities",
        "userDefined": false
      },
      {
        "text": " ",
        "userDefined": false
      },
      {
        "text": "phone",
        "alias": "Company_Contact_Info",
        "meta": "@Company_Contact_Info",
        "userDefined": true
      }
    ],
    "isTemplate": false,
    "count": 0,
    "updated": 1523999757
  },
  {
    "id": "2f553deb-04dd-48fb-aba7-b911ce715bb7",
    "data": [
      {
        "text": "what is ",
        "userDefined": false
      },
      {
        "text": "Katenna Hotel",
        "alias": "Company_Name",
        "meta": "@Company_Name",
        "userDefined": false
      },
      {
        "text": "\u0027s ",
        "userDefined": false
      },
      {
        "text": "number",
        "alias": "Company_Contact_Info",
        "meta": "@Company_Contact_Info",
        "userDefined": true
      }
    ],
    "isTemplate": false,
    "count": 0,
    "updated": 1523999757
  },
  {
    "id": "705cb045-8117-422e-80a0-f4f9e8c772ca",
    "data": [
      {
        "text": "can I ",
        "userDefined": false
      },
      {
        "text": "call",
        "alias": "Company_Contact_Info",
        "meta": "@Company_Contact_Info",
        "userDefined": true
      },
      {
        "text": " the ",
        "userDefined": false
      },
      {
        "text": "hotel",
        "alias": "company",
        "meta": "@company",
        "userDefined": true
      }
    ],
    "isTemplate": false,
    "count": 0,
    "updated": 1523999757
  },
  {
    "id": "6de2b85a-cff3-497d-ae0a-ebee3adb9486",
    "data": [
      {
        "text": "what\u0027s the ",
        "userDefined": false
      },
      {
        "text": "phone number",
        "alias": "Company_Contact_Info",
        "meta": "@Company_Contact_Info",
        "userDefined": true
      }
    ],
    "isTemplate": false,
    "count": 0,
    "updated": 1523999757
  },
  {
    "id": "b1c09c4b-5d7a-4327-9cf6-154bd56467b6",
    "data": [
      {
        "text": "gimme them ",
        "userDefined": false
      },
      {
        "text": "digits",
        "alias": "Company_Contact_Info",
        "meta": "@Company_Contact_Info",
        "userDefined": true
      }
    ],
    "isTemplate": false,
    "count": 0,
    "updated": 1523999757
  },
  {
    "id": "6e73523d-4f1c-4d61-b766-a8aa9ba36e84",
    "data": [
      {
        "text": "what is the ",
        "userDefined": false
      },
      {
        "text": "phone number",
        "alias": "Company_Contact_Info",
        "meta": "@Company_Contact_Info",
        "userDefined": true
      },
      {
        "text": " of the ",
        "userDefined": false
      },
      {
        "text": "hotel",
        "alias": "company",
        "meta": "@company",
        "userDefined": false
      }
    ],
    "isTemplate": false,
    "count": 0,
    "updated": 1523999757
  },
  {
    "id": "36ed4edf-686d-41ad-af2a-9d132fab833e",
    "data": [
      {
        "text": "how do I reach ",
        "userDefined": false
      },
      {
        "text": "the Orion",
        "alias": "company",
        "meta": "@company",
        "userDefined": false
      },
      {
        "text": " hotel by ",
        "userDefined": false
      },
      {
        "text": "phone",
        "alias": "Company_Contact_Info",
        "meta": "@Company_Contact_Info",
        "userDefined": true
      }
    ],
    "isTemplate": false,
    "count": 0,
    "updated": 1523999757
  },
  {
    "id": "05b64465-6780-419d-88aa-a41c32e59fa1",
    "data": [
      {
        "text": "I would like to know how to ",
        "userDefined": false
      },
      {
        "text": "contact",
        "alias": "Company_Contact_Info",
        "meta": "@Company_Contact_Info",
        "userDefined": true
      },
      {
        "text": " the ",
        "userDefined": false
      },
      {
        "text": "hotel",
        "alias": "company",
        "meta": "@company",
        "userDefined": false
      }
    ],
    "isTemplate": false,
    "count": 0,
    "updated": 1523999757
  }
]