[
  {
    "id": "16428f92-59c1-4d43-8935-e2cf09b5a974",
    "data": [
      {
        "text": "what\u0027s the ",
        "userDefined": false
      },
      {
        "text": "address",
        "alias": "Company_Location",
        "meta": "@Company_Location",
        "userDefined": true
      },
      {
        "text": " for the ",
        "userDefined": false
      },
      {
        "text": "Katenna hotel",
        "alias": "Company_Name",
        "meta": "@Company_Name",
        "userDefined": false
      }
    ],
    "isTemplate": false,
    "count": 0,
    "updated": 1523824959
  },
  {
    "id": "5ec089b9-5bf0-4033-bb8e-0b9eca6d7f14",
    "data": [
      {
        "text": "what\u0027s the ",
        "userDefined": false
      },
      {
        "text": "address",
        "alias": "Company_Location",
        "meta": "@Company_Location",
        "userDefined": true
      }
    ],
    "isTemplate": false,
    "count": 0,
    "updated": 1523824959
  },
  {
    "id": "d37ea846-e000-4786-bb31-d962493db2b0",
    "data": [
      {
        "text": "address",
        "alias": "Company_Location",
        "meta": "@Company_Location",
        "userDefined": true
      }
    ],
    "isTemplate": false,
    "count": 0,
    "updated": 1523824959
  },
  {
    "id": "b7e936bd-805f-453d-b173-e6fc8e9034c4",
    "data": [
      {
        "text": "location",
        "alias": "Company_Location",
        "meta": "@Company_Location",
        "userDefined": true
      }
    ],
    "isTemplate": false,
    "count": 1,
    "updated": 1523824959
  },
  {
    "id": "933dded5-5e8d-455a-a1f4-b4357903e7d1",
    "data": [
      {
        "text": "where",
        "alias": "Company_Location",
        "meta": "@Company_Location",
        "userDefined": true
      },
      {
        "text": " is the ",
        "userDefined": false
      },
      {
        "text": "company",
        "alias": "company",
        "meta": "@company",
        "userDefined": false
      }
    ],
    "isTemplate": false,
    "count": 0,
    "updated": 1523824959
  },
  {
    "id": "4d46f1db-46ca-44db-bc57-7bd58c40dd7b",
    "data": [
      {
        "text": "where",
        "alias": "Company_Location",
        "meta": "@Company_Location",
        "userDefined": true
      },
      {
        "text": " is the ",
        "userDefined": false
      },
      {
        "text": "Katenna Hotel",
        "alias": "Company_Name",
        "meta": "@Company_Name",
        "userDefined": false
      }
    ],
    "isTemplate": false,
    "count": 0,
    "updated": 1523824959
  },
  {
    "id": "25d901f5-f3e4-4182-9abe-aa6955a56df2",
    "data": [
      {
        "text": "where",
        "alias": "Company_Location",
        "meta": "@Company_Location",
        "userDefined": true
      },
      {
        "text": " is ",
        "userDefined": false
      },
      {
        "text": "the hotel",
        "alias": "amenities",
        "meta": "@amenities",
        "userDefined": false
      },
      {
        "text": " ",
        "userDefined": false
      },
      {
        "text": "located",
        "alias": "Company_Location",
        "meta": "@Company_Location",
        "userDefined": true
      }
    ],
    "isTemplate": false,
    "count": 0,
    "updated": 1523824959
  },
  {
    "id": "71f775ef-89ee-4dce-992a-bc1c3e02eacf",
    "data": [
      {
        "text": "what\u0027s the ",
        "userDefined": false
      },
      {
        "text": "location",
        "alias": "Company_Location",
        "meta": "@Company_Location",
        "userDefined": true
      }
    ],
    "isTemplate": false,
    "count": 0,
    "updated": 1523824959
  }
]