[
  {
    "id": "4b972160-c80a-4f31-ab23-467b5bde23ca",
    "data": [
      {
        "text": "more please",
        "userDefined": false
      }
    ],
    "isTemplate": false,
    "count": 0,
    "updated": 1523995092
  },
  {
    "id": "25863619-87a9-452f-a3e9-37c46789bf06",
    "data": [
      {
        "text": "more ",
        "userDefined": false
      },
      {
        "text": "info",
        "meta": "@sys.ignore",
        "userDefined": false
      }
    ],
    "isTemplate": false,
    "count": 0,
    "updated": 1523995092
  },
  {
    "id": "531a74f4-ad83-477b-a368-d3b3002acf27",
    "data": [
      {
        "text": "keep going",
        "userDefined": false
      }
    ],
    "isTemplate": false,
    "count": 0,
    "updated": 1523995092
  },
  {
    "id": "7784a4f9-00b9-44da-872c-5c7d209df642",
    "data": [
      {
        "text": "continue please",
        "userDefined": false
      }
    ],
    "isTemplate": false,
    "count": 0,
    "updated": 1523995092
  },
  {
    "id": "35e28835-6557-4fd0-8476-bdf5a1784040",
    "data": [
      {
        "text": "please continue",
        "userDefined": false
      }
    ],
    "isTemplate": false,
    "count": 1,
    "updated": 1523995092
  },
  {
    "id": "63fe3235-51ea-4d28-b4b0-45035560f1f8",
    "data": [
      {
        "text": "continue",
        "userDefined": false
      }
    ],
    "isTemplate": false,
    "count": 0,
    "updated": 1523995092
  },
  {
    "id": "05e53a13-a38d-4fc1-992d-81bb73be6d01",
    "data": [
      {
        "text": "continue with ",
        "userDefined": false
      },
      {
        "text": "Front Desk",
        "alias": "Front_Office_Help",
        "meta": "@Front_Office_Help",
        "userDefined": false
      },
      {
        "text": " check-in",
        "userDefined": false
      }
    ],
    "isTemplate": false,
    "count": 0,
    "updated": 1523995092
  }
]