[
  {
    "id": "ee850836-52ca-45a2-9537-f2936fbe9e42",
    "data": [
      {
        "text": "tell me more",
        "userDefined": false
      }
    ],
    "isTemplate": false,
    "count": 0,
    "updated": 1523995385
  },
  {
    "id": "1756226d-a9f0-497f-84fe-ba4f781c7551",
    "data": [
      {
        "text": "more check in ",
        "userDefined": false
      },
      {
        "text": "info",
        "meta": "@sys.ignore",
        "userDefined": false
      }
    ],
    "isTemplate": false,
    "count": 0,
    "updated": 1523995385
  },
  {
    "id": "cf3dde98-8b98-454e-b8c4-df9cd8a8cdd7",
    "data": [
      {
        "text": "more ",
        "userDefined": false
      },
      {
        "text": "info",
        "meta": "@sys.ignore",
        "userDefined": false
      }
    ],
    "isTemplate": false,
    "count": 0,
    "updated": 1523995385
  },
  {
    "id": "9d57ebd2-6a54-4fa7-8598-61ed4c17cf89",
    "data": [
      {
        "text": "more check-in ",
        "userDefined": false
      },
      {
        "text": "info",
        "meta": "@sys.ignore",
        "userDefined": false
      }
    ],
    "isTemplate": false,
    "count": 0,
    "updated": 1523995385
  },
  {
    "id": "31563bf1-1172-46cd-9096-762303da6d36",
    "data": [
      {
        "text": "continue",
        "userDefined": false
      }
    ],
    "isTemplate": false,
    "count": 0,
    "updated": 1523995385
  },
  {
    "id": "1511b0d6-70e7-4b1e-a354-3ba3500e82b3",
    "data": [
      {
        "text": "more please",
        "userDefined": false
      }
    ],
    "isTemplate": false,
    "count": 1,
    "updated": 1523995385
  },
  {
    "id": "6a576d73-7a00-4167-894c-de0fa75ad052",
    "data": [
      {
        "text": "continue with ",
        "userDefined": false
      },
      {
        "text": "front desk",
        "alias": "Front_Office_Help",
        "meta": "@Front_Office_Help",
        "userDefined": false
      },
      {
        "text": " check-in",
        "userDefined": false
      }
    ],
    "isTemplate": false,
    "count": 0,
    "updated": 1523995385
  },
  {
    "id": "e81929ac-029a-4396-af6e-011ce25ae668",
    "data": [
      {
        "text": "continue with check-in ",
        "userDefined": false
      },
      {
        "text": "steps",
        "alias": "task",
        "meta": "@task",
        "userDefined": false
      }
    ],
    "isTemplate": false,
    "count": 0,
    "updated": 1523995385
  },
  {
    "id": "f58290bf-d95b-47b5-8616-b593c364a3ba",
    "data": [
      {
        "text": "continue check-in",
        "userDefined": false
      }
    ],
    "isTemplate": false,
    "count": 0,
    "updated": 1523995385
  },
  {
    "id": "952f863c-35c9-4a79-a324-68265a72abb3",
    "data": [
      {
        "text": "continue ",
        "userDefined": false
      },
      {
        "text": "front desk",
        "alias": "Front_Office_Help",
        "meta": "@Front_Office_Help",
        "userDefined": false
      },
      {
        "text": " check-in",
        "userDefined": false
      }
    ],
    "isTemplate": false,
    "count": 0,
    "updated": 1523995385
  },
  {
    "id": "80ac6aa7-f691-4516-8720-254ea2d281e9",
    "data": [
      {
        "text": "continue with ",
        "userDefined": false
      },
      {
        "text": "front office",
        "alias": "Front_Office_Help",
        "meta": "@Front_Office_Help",
        "userDefined": false
      },
      {
        "text": " check-in",
        "userDefined": false
      }
    ],
    "isTemplate": false,
    "count": 0,
    "updated": 1523995385
  }
]