[
  {
    "id": "211ea600-6e7a-4776-a0b6-12a1f503f21b",
    "data": [
      {
        "text": "wanna dance",
        "userDefined": false
      }
    ],
    "isTemplate": false,
    "count": 0,
    "updated": 1523382167
  },
  {
    "id": "403ff13b-fe2c-4009-bf11-e81637b642a7",
    "data": [
      {
        "text": "dance with me",
        "userDefined": false
      }
    ],
    "isTemplate": false,
    "count": 0,
    "updated": 1523382167
  },
  {
    "id": "a62a4233-1d6a-4ffe-b815-928739d87235",
    "data": [
      {
        "text": "Puede ballar",
        "userDefined": false
      }
    ],
    "isTemplate": false,
    "count": 0,
    "updated": 1523382167
  },
  {
    "id": "c1b8d39b-f931-4592-bc7d-8f60822d6d65",
    "data": [
      {
        "text": "Let\u0027s dance",
        "userDefined": false
      }
    ],
    "isTemplate": false,
    "count": 0,
    "updated": 1523382167
  },
  {
    "id": "ed13fe3c-a0ee-4ec2-a63c-d31599bc725d",
    "data": [
      {
        "text": "I want to dance",
        "userDefined": false
      }
    ],
    "isTemplate": false,
    "count": 0,
    "updated": 1523382167
  }
]