[
  {
    "id": "f3dbdb3e-e009-44ad-b178-833e0ff6b1c2",
    "data": [
      {
        "text": "hey girl, what do you know",
        "userDefined": false
      }
    ],
    "isTemplate": false,
    "count": 0,
    "updated": 1523838648
  },
  {
    "id": "747cd158-8b0a-4386-9774-8598a1039115",
    "data": [
      {
        "text": "I need some help",
        "userDefined": false
      }
    ],
    "isTemplate": false,
    "count": 0,
    "updated": 1523838648
  },
  {
    "id": "94bc1f0e-acc6-4129-b2c6-23ee0ef06d9e",
    "data": [
      {
        "text": "What can you do",
        "userDefined": false
      }
    ],
    "isTemplate": false,
    "count": 0,
    "updated": 1523838648
  },
  {
    "id": "3b13ad90-3263-4d5d-a1cc-b646b60f53c5",
    "data": [
      {
        "text": "What up",
        "userDefined": false
      }
    ],
    "isTemplate": false,
    "count": 0,
    "updated": 1523838648
  },
  {
    "id": "338583f0-9348-45cb-8c14-e30a09cf88eb",
    "data": [
      {
        "text": "greetings",
        "userDefined": false
      }
    ],
    "isTemplate": false,
    "count": 0,
    "updated": 1523838648
  },
  {
    "id": "9be9f511-dfe8-4f77-9edf-b4af74fc9256",
    "data": [
      {
        "text": "hello there",
        "userDefined": false
      }
    ],
    "isTemplate": false,
    "count": 0,
    "updated": 1523838648
  },
  {
    "id": "f3a16dfa-3f67-47f4-80b5-a360c1f47a36",
    "data": [
      {
        "text": "Howdy",
        "userDefined": false
      }
    ],
    "isTemplate": false,
    "count": 0,
    "updated": 1523838648
  },
  {
    "id": "a7b6a43e-0c2d-4337-bc2a-5036c7fc6594",
    "data": [
      {
        "text": "Hello",
        "userDefined": false
      }
    ],
    "isTemplate": false,
    "count": 0,
    "updated": 1523838648
  }
]