[
  {
    "id": "e0bf3427-3468-4388-bf65-bec4e6e47ad5",
    "data": [
      {
        "text": "dept",
        "alias": "departments",
        "meta": "@departments",
        "userDefined": false
      }
    ],
    "isTemplate": false,
    "count": 0,
    "updated": 1523837633
  },
  {
    "id": "dcbf55fd-7435-4131-8cf8-1b7641624e76",
    "data": [
      {
        "text": "department",
        "alias": "departments",
        "meta": "@departments",
        "userDefined": false
      }
    ],
    "isTemplate": false,
    "count": 0,
    "updated": 1523837633
  },
  {
    "id": "46e2627a-586f-4965-845d-c9be7914886e",
    "data": [
      {
        "text": "departments",
        "alias": "departments",
        "meta": "@departments",
        "userDefined": false
      }
    ],
    "isTemplate": false,
    "count": 0,
    "updated": 1523837633
  },
  {
    "id": "2ff20b7d-30f4-4494-a6e4-3d5ff3c19533",
    "data": [
      {
        "text": "tell me about the different ",
        "userDefined": false
      },
      {
        "text": "departments",
        "alias": "departments",
        "meta": "@departments",
        "userDefined": true
      }
    ],
    "isTemplate": false,
    "count": 0,
    "updated": 1523837633
  },
  {
    "id": "a8ad82ca-2b10-4b88-97b0-d878320b8558",
    "data": [
      {
        "text": "Katenna hotel",
        "alias": "Company_Name",
        "meta": "@Company_Name",
        "userDefined": false
      },
      {
        "text": " ",
        "userDefined": false
      },
      {
        "text": "departments",
        "alias": "departments",
        "meta": "@departments",
        "userDefined": false
      }
    ],
    "isTemplate": false,
    "count": 0,
    "updated": 1523837633
  },
  {
    "id": "01bb1b8f-ba20-487a-8a56-92d946da17cc",
    "data": [
      {
        "text": "Katenna",
        "alias": "company",
        "meta": "@company",
        "userDefined": false
      },
      {
        "text": "\u0027s\u0027s many ",
        "userDefined": false
      },
      {
        "text": "departments",
        "alias": "departments",
        "meta": "@departments",
        "userDefined": false
      }
    ],
    "isTemplate": false,
    "count": 0,
    "updated": 1523837633
  },
  {
    "id": "88664109-33cb-4b5b-8add-0b11b90cc53d",
    "data": [
      {
        "text": "departments",
        "alias": "departments",
        "meta": "@departments",
        "userDefined": false
      },
      {
        "text": " at ",
        "userDefined": false
      },
      {
        "text": "the hotel",
        "alias": "amenities",
        "meta": "@amenities",
        "userDefined": false
      }
    ],
    "isTemplate": false,
    "count": 0,
    "updated": 1523837633
  },
  {
    "id": "671302bd-a51d-434d-a517-22953805d338",
    "data": [
      {
        "text": "what ",
        "userDefined": false
      },
      {
        "text": "departments",
        "alias": "departments",
        "meta": "@departments",
        "userDefined": false
      }
    ],
    "isTemplate": false,
    "count": 0,
    "updated": 1523837633
  },
  {
    "id": "d18edc9a-de9b-4fb2-a2c9-bfc447ce7c72",
    "data": [
      {
        "text": "which ",
        "userDefined": false
      },
      {
        "text": "departments",
        "alias": "departments",
        "meta": "@departments",
        "userDefined": false
      },
      {
        "text": " are ",
        "userDefined": false
      },
      {
        "text": "here",
        "alias": "company",
        "meta": "@company",
        "userDefined": false
      }
    ],
    "isTemplate": false,
    "count": 0,
    "updated": 1523837633
  },
  {
    "id": "4ce15829-666a-4a60-b979-518aa4b6084a",
    "data": [
      {
        "text": "which are the ",
        "userDefined": false
      },
      {
        "text": "departments",
        "alias": "departments",
        "meta": "@departments",
        "userDefined": false
      }
    ],
    "isTemplate": false,
    "count": 0,
    "updated": 1523837633
  },
  {
    "id": "a0d0dcab-21c4-4a01-86c7-69ea90cf80d6",
    "data": [
      {
        "text": "what ",
        "userDefined": false
      },
      {
        "text": "departments",
        "alias": "departments",
        "meta": "@departments",
        "userDefined": false
      },
      {
        "text": " are there",
        "userDefined": false
      }
    ],
    "isTemplate": false,
    "count": 1,
    "updated": 1523837633
  },
  {
    "id": "febf3ae2-da9a-4aa8-a910-a1b530ab243f",
    "data": [
      {
        "text": "what are the different ones",
        "userDefined": false
      }
    ],
    "isTemplate": false,
    "count": 0,
    "updated": 1523837633
  },
  {
    "id": "8bc9676e-b477-4a62-85a4-699df1a95d04",
    "data": [
      {
        "text": "departments",
        "alias": "departments",
        "meta": "@departments",
        "userDefined": false
      },
      {
        "text": " listed",
        "userDefined": false
      }
    ],
    "isTemplate": false,
    "count": 0,
    "updated": 1523837633
  },
  {
    "id": "0c2de6c6-9a62-4a2c-a3ea-fada7713402a",
    "data": [
      {
        "text": "different ",
        "userDefined": false
      },
      {
        "text": "departments",
        "alias": "departments",
        "meta": "@departments",
        "userDefined": false
      }
    ],
    "isTemplate": false,
    "count": 0,
    "updated": 1523837633
  },
  {
    "id": "d28babe4-22b0-43b1-a350-bb3abb9f2b5a",
    "data": [
      {
        "text": "what are the different ",
        "userDefined": false
      },
      {
        "text": "departments",
        "alias": "departments",
        "meta": "@departments",
        "userDefined": false
      }
    ],
    "isTemplate": false,
    "count": 0,
    "updated": 1523837633
  },
  {
    "id": "10ee72c6-28e8-4f5c-a336-3e8034cf4be3",
    "data": [
      {
        "text": "department",
        "alias": "departments",
        "meta": "@departments",
        "userDefined": false
      },
      {
        "text": "\u0027s list",
        "userDefined": false
      }
    ],
    "isTemplate": false,
    "count": 0,
    "updated": 1523837633
  },
  {
    "id": "53fdce48-a41c-4306-8c0a-fafe81b4350c",
    "data": [
      {
        "text": "department",
        "alias": "departments",
        "meta": "@departments",
        "userDefined": false
      },
      {
        "text": " list",
        "userDefined": false
      }
    ],
    "isTemplate": false,
    "count": 0,
    "updated": 1523837633
  },
  {
    "id": "52d4583a-f03f-4859-88af-7046b5f1fea4",
    "data": [
      {
        "text": "list ",
        "userDefined": false
      },
      {
        "text": "departments",
        "alias": "departments",
        "meta": "@departments",
        "userDefined": false
      }
    ],
    "isTemplate": false,
    "count": 0,
    "updated": 1523837633
  },
  {
    "id": "873cc766-266a-4787-98c1-362be78cda96",
    "data": [
      {
        "text": "list the ",
        "userDefined": false
      },
      {
        "text": "departments",
        "alias": "departments",
        "meta": "@departments",
        "userDefined": false
      }
    ],
    "isTemplate": false,
    "count": 0,
    "updated": 1523837633
  },
  {
    "id": "c5eb08c1-9d04-4edd-8752-9c3d527e3ee6",
    "data": [
      {
        "text": "list of ",
        "userDefined": false
      },
      {
        "text": "departments",
        "alias": "departments",
        "meta": "@departments",
        "userDefined": false
      }
    ],
    "isTemplate": false,
    "count": 0,
    "updated": 1523837633
  },
  {
    "id": "d972969d-131c-44ec-9881-892aee460f62",
    "data": [
      {
        "text": "tell me about the list of departments",
        "userDefined": false
      }
    ],
    "isTemplate": false,
    "count": 0,
    "updated": 1523837633
  }
]