[
  {
    "id": "eec087c8-a7a9-4b85-ae16-096ff8ee4ba2",
    "data": [
      {
        "text": "more ",
        "userDefined": false
      },
      {
        "text": "supervisors",
        "alias": "Supervisor",
        "meta": "@Supervisor",
        "userDefined": false
      }
    ],
    "isTemplate": false,
    "count": 0,
    "updated": 1523980965
  },
  {
    "id": "4346fd31-b0d4-4c38-9159-21982b55f06f",
    "data": [
      {
        "text": " additional ",
        "userDefined": false
      },
      {
        "text": "supervisors",
        "alias": "Supervisor",
        "meta": "@Supervisor",
        "userDefined": false
      }
    ],
    "isTemplate": false,
    "count": 0,
    "updated": 1523980965
  },
  {
    "id": "00aa2656-f595-4d04-99e4-0dbda7283786",
    "data": [
      {
        "text": "supervisors",
        "alias": "Supervisor",
        "meta": "@Supervisor",
        "userDefined": false
      }
    ],
    "isTemplate": false,
    "count": 0,
    "updated": 1523832657
  },
  {
    "id": "0a17c142-f24a-4644-88d4-7852dc265acd",
    "data": [
      {
        "text": "supervisors",
        "alias": "Supervisor",
        "meta": "@Supervisor",
        "userDefined": false
      },
      {
        "text": " at the ",
        "userDefined": false
      },
      {
        "text": "Katenna Hotel",
        "alias": "Company_Name",
        "meta": "@Company_Name",
        "userDefined": false
      }
    ],
    "isTemplate": false,
    "count": 0,
    "updated": 1523980965
  },
  {
    "id": "a912f647-27d0-4aae-b571-092a54daa6ec",
    "data": [
      {
        "text": "supervisor",
        "alias": "Supervisor",
        "meta": "@Supervisor",
        "userDefined": false
      },
      {
        "text": " now",
        "userDefined": false
      }
    ],
    "isTemplate": false,
    "count": 1,
    "updated": 1523980965
  },
  {
    "id": "38535490-8f24-4b82-b006-b679f6bb9828",
    "data": [
      {
        "text": "supervisor",
        "alias": "Supervisor",
        "meta": "@Supervisor",
        "userDefined": false
      },
      {
        "text": " please",
        "userDefined": false
      }
    ],
    "isTemplate": false,
    "count": 0,
    "updated": 1523980965
  },
  {
    "id": "71e7f83a-08ab-49f9-8753-6f4d82400129",
    "data": [
      {
        "text": "supervisors",
        "alias": "Supervisor",
        "meta": "@Supervisor",
        "userDefined": false
      },
      {
        "text": " please",
        "userDefined": false
      }
    ],
    "isTemplate": false,
    "count": 0,
    "updated": 1523980965
  },
  {
    "id": "89ccda49-b894-4e38-b7b7-8413f1abea71",
    "data": [
      {
        "text": "Who\u0027s ",
        "userDefined": false
      },
      {
        "text": "in charge",
        "alias": "Supervisor",
        "meta": "@Supervisor",
        "userDefined": true
      }
    ],
    "isTemplate": false,
    "count": 0,
    "updated": 1523980965
  },
  {
    "id": "024058b9-89eb-463f-a9b7-3dffd4c41c79",
    "data": [
      {
        "text": "who are the ",
        "userDefined": false
      },
      {
        "text": "supervisors",
        "alias": "Supervisor",
        "meta": "@Supervisor",
        "userDefined": false
      }
    ],
    "isTemplate": false,
    "count": 0,
    "updated": 1523980965
  },
  {
    "id": "a6d39f2a-75ad-42cd-85f9-9a8d2a2f68c1",
    "data": [
      {
        "text": "tell me about the ",
        "userDefined": false
      },
      {
        "text": "supervisors",
        "alias": "Supervisor",
        "meta": "@Supervisor",
        "userDefined": false
      }
    ],
    "isTemplate": false,
    "count": 0,
    "updated": 1523980965
  },
  {
    "id": "a1db8961-a94d-49be-8dd1-3bdb43bd5463",
    "data": [
      {
        "text": "another ",
        "userDefined": false
      },
      {
        "text": "supervisor",
        "alias": "Supervisor",
        "meta": "@Supervisor",
        "userDefined": true
      }
    ],
    "isTemplate": false,
    "count": 2,
    "updated": 1523980965
  },
  {
    "id": "50f1758e-bb1f-4d0a-a50a-fbde5f17aac8",
    "data": [
      {
        "text": "who\u0027s the ",
        "userDefined": false
      },
      {
        "text": "queen bee",
        "alias": "Supervisor",
        "meta": "@Supervisor",
        "userDefined": false
      }
    ],
    "isTemplate": false,
    "count": 0,
    "updated": 1523832657
  },
  {
    "id": "b82d60f7-f173-42e6-85b3-aff4987e5808",
    "data": [
      {
        "text": "who are the ",
        "userDefined": false
      },
      {
        "text": "supervisors",
        "alias": "Supervisor",
        "meta": "@Supervisor",
        "userDefined": false
      },
      {
        "text": " of the ",
        "userDefined": false
      },
      {
        "text": "hotel",
        "alias": "company",
        "meta": "@company",
        "userDefined": false
      }
    ],
    "isTemplate": false,
    "count": 1,
    "updated": 1523832657
  },
  {
    "id": "a1e15078-6579-41ca-8813-63908420b331",
    "data": [
      {
        "text": "Who is the ",
        "userDefined": false
      },
      {
        "text": "supervisor",
        "alias": "Supervisor",
        "meta": "@Supervisor",
        "userDefined": false
      }
    ],
    "isTemplate": false,
    "count": 0,
    "updated": 1523832657
  },
  {
    "id": "52ad916c-8bed-4c86-90bc-a89512560994",
    "data": [
      {
        "text": "I would like to know about each ",
        "userDefined": false
      },
      {
        "text": "department\u0027s",
        "alias": "departments",
        "meta": "@departments",
        "userDefined": true
      },
      {
        "text": " ",
        "userDefined": false
      },
      {
        "text": "supervisors",
        "alias": "Supervisor",
        "meta": "@Supervisor",
        "userDefined": false
      }
    ],
    "isTemplate": false,
    "count": 0,
    "updated": 1523832657
  }
]