[
  {
    "id": "0d3ca9e3-2cb7-402f-ba4a-c5e7ece1b60a",
    "data": [
      {
        "text": "what department do I work for",
        "userDefined": false
      }
    ],
    "isTemplate": false,
    "count": 0,
    "updated": 1523215890
  },
  {
    "id": "88c140c5-45f5-4f7a-a0c3-aa1386571d62",
    "data": [
      {
        "text": "what am I supposed to do",
        "userDefined": false
      }
    ],
    "isTemplate": false,
    "count": 0,
    "updated": 1523215890
  },
  {
    "id": "0ef06ea4-8836-4390-9d0d-9de6bbb34b7f",
    "data": [
      {
        "text": "What do I have to do for my job",
        "userDefined": false
      }
    ],
    "isTemplate": false,
    "count": 0,
    "updated": 1523215890
  },
  {
    "id": "1d830384-556d-4c98-b9dc-f57217d04685",
    "data": [
      {
        "text": "what are my tasks",
        "userDefined": false
      }
    ],
    "isTemplate": false,
    "count": 0,
    "updated": 1523215890
  },
  {
    "id": "9e03c5c9-9658-4e88-bd9c-57fe15947658",
    "data": [
      {
        "text": "how do I do my ",
        "userDefined": false
      },
      {
        "text": "job",
        "alias": "departments",
        "meta": "@departments",
        "userDefined": true
      }
    ],
    "isTemplate": false,
    "count": 0,
    "updated": 1523215890
  },
  {
    "id": "f2b28da7-6cd5-4773-9a17-c531d8a21005",
    "data": [
      {
        "text": "what\u0027s my ",
        "userDefined": false
      },
      {
        "text": "job",
        "alias": "departments",
        "meta": "@departments",
        "userDefined": true
      }
    ],
    "isTemplate": false,
    "count": 0,
    "updated": 1523215890
  },
  {
    "id": "edf647e0-7376-4d68-984e-7aa2958094fe",
    "data": [
      {
        "text": "If I\u0027m a ",
        "userDefined": false
      },
      {
        "text": "bellman",
        "alias": "departments",
        "meta": "@departments",
        "userDefined": false
      },
      {
        "text": ", then what is my ",
        "userDefined": false
      },
      {
        "text": "job",
        "alias": "departments",
        "meta": "@departments",
        "userDefined": true
      }
    ],
    "isTemplate": false,
    "count": 0,
    "updated": 1523215890
  },
  {
    "id": "1276d829-9e58-4730-8660-58e1a22b08b0",
    "data": [
      {
        "text": "what does an ",
        "userDefined": false
      },
      {
        "text": "accountant",
        "alias": "departments",
        "meta": "@departments",
        "userDefined": false
      },
      {
        "text": " do",
        "userDefined": false
      }
    ],
    "isTemplate": false,
    "count": 0,
    "updated": 1523215890
  },
  {
    "id": "355cd5fd-02d3-437e-9916-06544dda6017",
    "data": [
      {
        "text": "what does a ",
        "userDefined": false
      },
      {
        "text": "housekeeper",
        "alias": "departments",
        "meta": "@departments",
        "userDefined": false
      },
      {
        "text": " do",
        "userDefined": false
      }
    ],
    "isTemplate": false,
    "count": 0,
    "updated": 1523215890
  },
  {
    "id": "5c257f44-50fa-4c8d-9fa1-f227da5d766b",
    "data": [
      {
        "text": "what am I assigned to do as a ",
        "userDefined": false
      },
      {
        "text": "manager",
        "alias": "departments",
        "meta": "@departments",
        "userDefined": true
      }
    ],
    "isTemplate": false,
    "count": 0,
    "updated": 1523215890
  },
  {
    "id": "91a7f4fe-e7c0-42de-b885-cdd9faf4a084",
    "data": [
      {
        "text": "what\u0027s my job, if I work at the ",
        "userDefined": false
      },
      {
        "text": "front desk",
        "alias": "departments",
        "meta": "@departments",
        "userDefined": true
      }
    ],
    "isTemplate": false,
    "count": 0,
    "updated": 1523215890
  },
  {
    "id": "3ebe5118-1795-422a-9b4a-735a3640caef",
    "data": [
      {
        "text": "What are my assigned tasks as a ",
        "userDefined": false
      },
      {
        "text": "book keeper",
        "alias": "departments",
        "meta": "@departments",
        "userDefined": true
      }
    ],
    "isTemplate": false,
    "count": 0,
    "updated": 1523215890
  }
]