[
  {
    "id": "cb5a72d1-857c-49a5-9e8c-982aafbcc19a",
    "data": [
      {
        "text": "what kinda ",
        "userDefined": false
      },
      {
        "text": "stuff",
        "alias": "task",
        "meta": "@task",
        "userDefined": true
      },
      {
        "text": " does a ",
        "userDefined": false
      },
      {
        "text": "bookkeeper",
        "alias": "departments",
        "meta": "@departments",
        "userDefined": true
      },
      {
        "text": " do?",
        "userDefined": false
      }
    ],
    "isTemplate": false,
    "count": 0,
    "updated": 1523579520
  },
  {
    "id": "04b5f48c-c3a6-4aad-928a-af3f74eb0c16",
    "data": [
      {
        "text": "what ",
        "userDefined": false
      },
      {
        "text": "tasks",
        "alias": "task",
        "meta": "@task",
        "userDefined": false
      },
      {
        "text": " does a housekeeper have to do",
        "userDefined": false
      }
    ],
    "isTemplate": false,
    "count": 0,
    "updated": 1523579520
  },
  {
    "id": "c61a1702-ce08-4c68-97ac-83336397fdd6",
    "data": [
      {
        "text": "what kind of ",
        "userDefined": false
      },
      {
        "text": "steps",
        "alias": "task",
        "meta": "@task",
        "userDefined": true
      },
      {
        "text": " does a ",
        "userDefined": false
      },
      {
        "text": "bellman",
        "alias": "departments",
        "meta": "@departments",
        "userDefined": false
      },
      {
        "text": " follow",
        "userDefined": false
      }
    ],
    "isTemplate": false,
    "count": 0,
    "updated": 1523579520
  },
  {
    "id": "4f5801b5-9e41-4eb8-ade9-13badd5acdf8",
    "data": [
      {
        "text": "Yes, tell me the exact ",
        "userDefined": false
      },
      {
        "text": "steps",
        "alias": "task",
        "meta": "@task",
        "userDefined": true
      },
      {
        "text": " involved with ",
        "userDefined": false
      },
      {
        "text": "accounting",
        "alias": "departments",
        "meta": "@departments",
        "userDefined": false
      }
    ],
    "isTemplate": false,
    "count": 0,
    "updated": 1523579520
  }
]