[
  {
    "id": "ba959189-5570-430d-8d1e-0ff1c82eb2fd",
    "data": [
      {
        "text": "what are the ",
        "userDefined": false
      },
      {
        "text": "tasks",
        "alias": "task",
        "meta": "@task",
        "userDefined": false
      },
      {
        "text": " at the ",
        "userDefined": false
      },
      {
        "text": "front desk",
        "alias": "departments",
        "meta": "@departments",
        "userDefined": false
      }
    ],
    "isTemplate": false,
    "count": 0,
    "updated": 1523580082
  },
  {
    "id": "590ca2fb-711e-4461-87dc-a98976c6878d",
    "data": [
      {
        "text": "list ",
        "userDefined": false
      },
      {
        "text": "tasks",
        "alias": "task",
        "meta": "@task",
        "userDefined": false
      },
      {
        "text": " for bookkeeping",
        "userDefined": false
      }
    ],
    "isTemplate": false,
    "count": 0,
    "updated": 1523580082
  },
  {
    "id": "1e3fc60c-4ebe-4be3-87a8-e57c32a611f1",
    "data": [
      {
        "text": "list all ",
        "userDefined": false
      },
      {
        "text": "tasks",
        "alias": "task",
        "meta": "@task",
        "userDefined": false
      },
      {
        "text": " in ",
        "userDefined": false
      },
      {
        "text": "housekeeping",
        "alias": "departments",
        "meta": "@departments",
        "userDefined": false
      }
    ],
    "isTemplate": false,
    "count": 0,
    "updated": 1523580082
  },
  {
    "id": "a6e3e5b7-284e-4259-8d73-86a96b768f92",
    "data": [
      {
        "text": "list ",
        "userDefined": false
      },
      {
        "text": "tasks",
        "alias": "task",
        "meta": "@task",
        "userDefined": false
      },
      {
        "text": " by ",
        "userDefined": false
      },
      {
        "text": "department",
        "alias": "departments",
        "meta": "@departments",
        "userDefined": false
      }
    ],
    "isTemplate": false,
    "count": 0,
    "updated": 1523580082
  }
]