[
  {
    "id": "02c609ca-2c4d-469a-a1d7-303be0b95e25",
    "data": [
      {
        "text": "give me another ",
        "userDefined": false
      },
      {
        "text": "Front Office",
        "alias": "Front_Office_Help",
        "meta": "@Front_Office_Help",
        "userDefined": false
      },
      {
        "text": " ",
        "userDefined": false
      },
      {
        "text": "duty",
        "alias": "task",
        "meta": "@task",
        "userDefined": false
      }
    ],
    "isTemplate": false,
    "count": 0,
    "updated": 1523979298
  },
  {
    "id": "795b0302-e904-471a-92b7-865242538eff",
    "data": [
      {
        "text": "employee",
        "alias": "user",
        "meta": "@user",
        "userDefined": false
      },
      {
        "text": " ",
        "userDefined": false
      },
      {
        "text": "duties",
        "alias": "task",
        "meta": "@task",
        "userDefined": false
      }
    ],
    "isTemplate": false,
    "count": 0,
    "updated": 1523978566
  },
  {
    "id": "c7ce5406-deda-4d5f-8822-f30617ea6e6c",
    "data": [
      {
        "text": "duty",
        "alias": "task",
        "meta": "@task",
        "userDefined": false
      }
    ],
    "isTemplate": false,
    "count": 0,
    "updated": 1523978566
  },
  {
    "id": "f4f6709f-b4f9-4753-8f96-14c636bf75ae",
    "data": [
      {
        "text": "responsible ",
        "userDefined": false
      },
      {
        "text": "duties",
        "alias": "task",
        "meta": "@task",
        "userDefined": false
      }
    ],
    "isTemplate": false,
    "count": 0,
    "updated": 1523978566
  },
  {
    "id": "58bd3b73-5537-423b-baa9-da23572b2338",
    "data": [
      {
        "text": "what are the ",
        "userDefined": false
      },
      {
        "text": "duties",
        "alias": "task",
        "meta": "@task",
        "userDefined": false
      }
    ],
    "isTemplate": false,
    "count": 0,
    "updated": 1523978566
  },
  {
    "id": "c56db919-e702-4e47-9c09-c78e8b77a076",
    "data": [
      {
        "text": "duties",
        "alias": "task",
        "meta": "@task",
        "userDefined": false
      }
    ],
    "isTemplate": false,
    "count": 0,
    "updated": 1523978566
  },
  {
    "id": "10dbf8ed-f5a3-4c33-a906-f842e7b29535",
    "data": [
      {
        "text": "front desk",
        "alias": "Front_Office_Help",
        "meta": "@Front_Office_Help",
        "userDefined": false
      },
      {
        "text": " ",
        "userDefined": false
      },
      {
        "text": "duties",
        "alias": "task",
        "meta": "@task",
        "userDefined": false
      }
    ],
    "isTemplate": false,
    "count": 0,
    "updated": 1523978566
  },
  {
    "id": "f484db78-93a9-47fb-9ed8-42f268be5fad",
    "data": [
      {
        "text": "what am I ",
        "userDefined": false
      },
      {
        "text": "responsible for",
        "alias": "task",
        "meta": "@task",
        "userDefined": true
      },
      {
        "text": " at the ",
        "userDefined": false
      },
      {
        "text": "front desk",
        "alias": "Front_Office_Help",
        "meta": "@Front_Office_Help",
        "userDefined": false
      }
    ],
    "isTemplate": false,
    "count": 0,
    "updated": 1523978566
  },
  {
    "id": "eb200e66-50c7-46b9-b472-5dafd36bf0ed",
    "data": [
      {
        "text": "what do I do at the ",
        "userDefined": false
      },
      {
        "text": "front desk",
        "alias": "Front_Office_Help",
        "meta": "@Front_Office_Help",
        "userDefined": false
      }
    ],
    "isTemplate": false,
    "count": 0,
    "updated": 1523978566
  },
  {
    "id": "6f526188-a213-4ab9-a913-44ba2760be3b",
    "data": [
      {
        "text": "what kinda ",
        "userDefined": false
      },
      {
        "text": "stuff",
        "alias": "task1",
        "meta": "@task",
        "userDefined": false
      },
      {
        "text": " ",
        "userDefined": false
      },
      {
        "text": "does",
        "alias": "task",
        "meta": "@task",
        "userDefined": false
      },
      {
        "text": " the ",
        "userDefined": false
      },
      {
        "text": "front desk",
        "alias": "Front_Office_Help",
        "meta": "@Front_Office_Help",
        "userDefined": false
      },
      {
        "text": " do",
        "userDefined": false
      }
    ],
    "isTemplate": false,
    "count": 0,
    "updated": 1523978566
  },
  {
    "id": "9f3db9eb-abf2-4078-af24-dbd30bcc2fb5",
    "data": [
      {
        "text": "I would like to know more about the ",
        "userDefined": false
      },
      {
        "text": "duties",
        "alias": "task",
        "meta": "@task",
        "userDefined": false
      },
      {
        "text": " of the ",
        "userDefined": false
      },
      {
        "text": "front office",
        "alias": "Front_Office_Help",
        "meta": "@Front_Office_Help",
        "userDefined": false
      }
    ],
    "isTemplate": false,
    "count": 0,
    "updated": 1523978566
  }
]