[
  {
    "id": "cfa500e4-7f38-40ef-b472-52f5133cf7cf",
    "data": [
      {
        "text": "Tell me all about the ",
        "userDefined": false
      },
      {
        "text": "tasks",
        "alias": "task",
        "meta": "@task",
        "userDefined": false
      },
      {
        "text": " I have to perform as a ",
        "userDefined": false
      },
      {
        "text": "housekeeper",
        "alias": "job",
        "meta": "@job",
        "userDefined": true
      }
    ],
    "isTemplate": false,
    "count": 0,
    "updated": 1523391261
  }
]