[
  {
    "id": "1ca8a8e3-da9a-474d-8ebe-fbdd3b66e636",
    "data": [
      {
        "text": "bed linens",
        "userDefined": false
      }
    ],
    "isTemplate": false,
    "count": 0,
    "updated": 1522149386
  },
  {
    "id": "8e9bb2d3-3535-4277-948e-f155e013c69f",
    "data": [
      {
        "text": "pillowcases",
        "userDefined": false
      }
    ],
    "isTemplate": false,
    "count": 0,
    "updated": 1522149386
  },
  {
    "id": "b3441e87-030c-4ac2-97a6-f7e366da0539",
    "data": [
      {
        "text": "change sheets",
        "userDefined": false
      }
    ],
    "isTemplate": false,
    "count": 0,
    "updated": 1522149386
  },
  {
    "id": "32d83662-1a87-4a5f-a460-953ec6737a63",
    "data": [
      {
        "text": "where do I put dirty sheets",
        "userDefined": false
      }
    ],
    "isTemplate": false,
    "count": 0,
    "updated": 1522149386
  },
  {
    "id": "dbe871b6-758e-4fc4-9467-dd47c054d6f7",
    "data": [
      {
        "text": "where do I get clean sheets",
        "userDefined": false
      }
    ],
    "isTemplate": false,
    "count": 0,
    "updated": 1522149386
  },
  {
    "id": "0bab14db-70d2-4f4a-8a94-be3d25f8ff03",
    "data": [
      {
        "text": "how do I get supplies",
        "userDefined": false
      }
    ],
    "isTemplate": false,
    "count": 0,
    "updated": 1522149386
  },
  {
    "id": "d00178d4-0441-4df9-8c99-c02959d3ceff",
    "data": [
      {
        "text": "how do I clean the bathroom",
        "userDefined": false
      }
    ],
    "isTemplate": false,
    "count": 0,
    "updated": 1522149386
  },
  {
    "id": "44fc6fa0-2268-4eb4-b97b-31d974b94359",
    "data": [
      {
        "text": "I don\u0027t know where to begin",
        "userDefined": false
      }
    ],
    "isTemplate": false,
    "count": 0,
    "updated": 1522149386
  },
  {
    "id": "2feeee3e-feb8-45d6-946d-ac3cbfc026bd",
    "data": [
      {
        "text": "what are the steps",
        "userDefined": false
      }
    ],
    "isTemplate": false,
    "count": 0,
    "updated": 1522149386
  },
  {
    "id": "920b2e0a-4f94-4c51-bc59-1bd2b857e660",
    "data": [
      {
        "text": "how do I make a bed",
        "userDefined": false
      }
    ],
    "isTemplate": false,
    "count": 0,
    "updated": 1522149386
  },
  {
    "id": "b78d7983-743e-481c-9db1-727874a3ca4e",
    "data": [
      {
        "text": "I don\u0027t know how",
        "userDefined": false
      }
    ],
    "isTemplate": false,
    "count": 0,
    "updated": 1522149386
  },
  {
    "id": "b07a78f7-6ff1-479a-a52d-007bcdf668d1",
    "data": [
      {
        "text": "how do I do this",
        "userDefined": false
      }
    ],
    "isTemplate": false,
    "count": 0,
    "updated": 1522149386
  },
  {
    "id": "b511eaff-77d4-491e-846f-af3fc907dde3",
    "data": [
      {
        "text": "need help",
        "userDefined": false
      }
    ],
    "isTemplate": false,
    "count": 0,
    "updated": 1522149386
  }
]