[
  {
    "id": "9fe340b0-c433-493e-9ef5-f79b90dd9277",
    "data": [
      {
        "text": "what is ",
        "userDefined": false
      },
      {
        "text": "housekeeping",
        "alias": "Housekeeping_Help",
        "meta": "@Housekeeping_Help",
        "userDefined": true
      }
    ],
    "isTemplate": false,
    "count": 0,
    "updated": 1523984557
  },
  {
    "id": "5462023b-25f2-40a1-9a89-c5a7808bc1b8",
    "data": [
      {
        "text": "tell me more about ",
        "userDefined": false
      },
      {
        "text": "housekeeping",
        "alias": "Housekeeping_Help",
        "meta": "@Housekeeping_Help",
        "userDefined": true
      }
    ],
    "isTemplate": false,
    "count": 0,
    "updated": 1523984557
  },
  {
    "id": "22ebd684-2d1e-41ec-b740-f36bbb13002d",
    "data": [
      {
        "text": "housekeeper",
        "alias": "Housekeeping_Help",
        "meta": "@Housekeeping_Help",
        "userDefined": true
      }
    ],
    "isTemplate": false,
    "count": 0,
    "updated": 1523984557
  },
  {
    "id": "986aac1f-b37c-46ee-b9bd-81a6414038a4",
    "data": [
      {
        "text": "housekeeping",
        "alias": "Housekeeping_Help",
        "meta": "@Housekeeping_Help",
        "userDefined": true
      }
    ],
    "isTemplate": false,
    "count": 0,
    "updated": 1523984557
  },
  {
    "id": "ea29b330-77a3-4210-9dd5-aeaf13795038",
    "data": [
      {
        "text": "house keeping",
        "alias": "Housekeeping_Help",
        "meta": "@Housekeeping_Help",
        "userDefined": true
      }
    ],
    "isTemplate": false,
    "count": 0,
    "updated": 1523984557
  },
  {
    "id": "7cc48b34-ac73-47d1-bd6c-d107f199ffa7",
    "data": [
      {
        "text": "what are the ",
        "userDefined": false
      },
      {
        "text": "tasks",
        "meta": "@sys.ignore",
        "userDefined": false
      },
      {
        "text": " in the ",
        "userDefined": false
      },
      {
        "text": "housekeeping",
        "alias": "Housekeeping_Help",
        "meta": "@Housekeeping_Help",
        "userDefined": true
      }
    ],
    "isTemplate": false,
    "count": 1,
    "updated": 1523984557
  }
]