[
  {
    "id": "7e7de793-a995-4e2f-a8cc-9f802a209461",
    "data": [
      {
        "text": "go back to ",
        "userDefined": false
      },
      {
        "text": "job",
        "alias": "job",
        "meta": "@job",
        "userDefined": false
      },
      {
        "text": " information",
        "userDefined": false
      }
    ],
    "isTemplate": false,
    "count": 0,
    "updated": 1523996241
  },
  {
    "id": "389205ac-ab4f-4424-bd23-9ea1206b1bb7",
    "data": [
      {
        "text": "more ",
        "userDefined": false
      },
      {
        "text": "job",
        "alias": "job",
        "meta": "@job",
        "userDefined": false
      },
      {
        "text": " ",
        "userDefined": false
      },
      {
        "text": "info",
        "meta": "@sys.ignore",
        "userDefined": false
      }
    ],
    "isTemplate": false,
    "count": 0,
    "updated": 1523995780
  },
  {
    "id": "2e1b69a1-cf89-4284-9508-33febd876164",
    "data": [
      {
        "text": "back to job",
        "userDefined": false
      }
    ],
    "isTemplate": false,
    "count": 0,
    "updated": 1523995780
  },
  {
    "id": "c1ce89ab-0fbd-4540-a97a-300ba932a5c6",
    "data": [
      {
        "text": "back to ",
        "userDefined": false
      },
      {
        "text": "jobs",
        "alias": "job",
        "meta": "@job",
        "userDefined": false
      }
    ],
    "isTemplate": false,
    "count": 0,
    "updated": 1523995780
  },
  {
    "id": "c920ea43-3d3b-43af-88e0-f66706a105df",
    "data": [
      {
        "text": "job",
        "alias": "job",
        "meta": "@job",
        "userDefined": false
      },
      {
        "text": " information",
        "userDefined": false
      }
    ],
    "isTemplate": false,
    "count": 0,
    "updated": 1523995780
  },
  {
    "id": "2bcd99b6-5dd9-4cbc-a326-8375736f72bc",
    "data": [
      {
        "text": "job",
        "alias": "job",
        "meta": "@job",
        "userDefined": false
      },
      {
        "text": " ",
        "userDefined": false
      },
      {
        "text": "info",
        "meta": "@sys.ignore",
        "userDefined": false
      }
    ],
    "isTemplate": false,
    "count": 0,
    "updated": 1523995780
  },
  {
    "id": "42ce4eda-6db8-4b95-bf05-c4c37b6f6c0a",
    "data": [
      {
        "text": "go back",
        "userDefined": false
      }
    ],
    "isTemplate": false,
    "count": 1,
    "updated": 1523995780
  },
  {
    "id": "bd31aa32-ecc7-4004-bd7f-0dc6f30b17c8",
    "data": [
      {
        "text": "tell me about my ",
        "userDefined": false
      },
      {
        "text": "job",
        "alias": "job",
        "meta": "@job",
        "userDefined": false
      }
    ],
    "isTemplate": false,
    "count": 0,
    "updated": 1523995780
  },
  {
    "id": "9588e9ed-6083-4656-b7b7-1efd709f6375",
    "data": [
      {
        "text": "my ",
        "userDefined": false
      },
      {
        "text": "job",
        "alias": "job",
        "meta": "@job",
        "userDefined": false
      }
    ],
    "isTemplate": false,
    "count": 0,
    "updated": 1523995780
  },
  {
    "id": "7b44e9e1-6226-454f-b518-c18101b0ca05",
    "data": [
      {
        "text": "job",
        "alias": "job",
        "meta": "@job",
        "userDefined": false
      }
    ],
    "isTemplate": false,
    "count": 0,
    "updated": 1523995780
  },
  {
    "id": "ef2a88fc-4b37-47c1-be94-90affcbe5945",
    "data": [
      {
        "text": "what is my ",
        "userDefined": false
      },
      {
        "text": "job",
        "alias": "job",
        "meta": "@job",
        "userDefined": false
      }
    ],
    "isTemplate": false,
    "count": 0,
    "updated": 1523995780
  }
]