[
  {
    "id": "46299e1d-f185-4d1b-ba74-3dc4203bb6ab",
    "data": [
      {
        "text": "the ",
        "userDefined": false
      },
      {
        "text": "front",
        "alias": "Front_Office_Help",
        "meta": "@Front_Office_Help",
        "userDefined": true
      }
    ],
    "isTemplate": false,
    "count": 0,
    "updated": 1523996361
  },
  {
    "id": "f0d9f18b-3363-4a06-9e79-851948942014",
    "data": [
      {
        "text": "front counter",
        "alias": "Front_Office_Help",
        "meta": "@Front_Office_Help",
        "userDefined": true
      }
    ],
    "isTemplate": false,
    "count": 0,
    "updated": 1523996361
  },
  {
    "id": "45263980-88df-4e33-ad4e-954bf812aeec",
    "data": [
      {
        "text": "front",
        "alias": "Front_Office_Help",
        "meta": "@Front_Office_Help",
        "userDefined": true
      }
    ],
    "isTemplate": false,
    "count": 0,
    "updated": 1523996361
  },
  {
    "id": "76df9e19-1158-4636-ad4d-bd7c4b6b2418",
    "data": [
      {
        "text": "front desk",
        "alias": "Front_Office_Help",
        "meta": "@Front_Office_Help",
        "userDefined": false
      }
    ],
    "isTemplate": false,
    "count": 1,
    "updated": 1523977454
  },
  {
    "id": "0de7bc35-6cfa-4119-9561-1c12bc453de2",
    "data": [
      {
        "text": "front office",
        "alias": "Front_Office_Help",
        "meta": "@Front_Office_Help",
        "userDefined": false
      },
      {
        "text": " ",
        "userDefined": false
      },
      {
        "text": "info",
        "meta": "@sys.ignore",
        "userDefined": false
      }
    ],
    "isTemplate": false,
    "count": 0,
    "updated": 1523996361
  },
  {
    "id": "a132506e-dd75-495c-a800-05ab7c50b516",
    "data": [
      {
        "text": "front office",
        "alias": "Front_Office_Help",
        "meta": "@Front_Office_Help",
        "userDefined": false
      }
    ],
    "isTemplate": false,
    "count": 1,
    "updated": 1523977454
  },
  {
    "id": "036965bd-c79f-4e6f-9d18-fe247b880ebd",
    "data": [
      {
        "text": "what are the ",
        "userDefined": false
      },
      {
        "text": "tasks",
        "alias": "task",
        "meta": "@task",
        "userDefined": false
      },
      {
        "text": " in the ",
        "userDefined": false
      },
      {
        "text": "front office",
        "alias": "Front_Office_Help",
        "meta": "@Front_Office_Help",
        "userDefined": false
      }
    ],
    "isTemplate": false,
    "count": 1,
    "updated": 1523996361
  },
  {
    "id": "9755d154-619a-49a9-8af3-40ae5fd7e3b6",
    "data": [
      {
        "text": "reserve a table at the ",
        "userDefined": false
      },
      {
        "text": "restaurant",
        "meta": "@sys.ignore",
        "userDefined": false
      }
    ],
    "isTemplate": false,
    "count": 0,
    "updated": 1523996361
  },
  {
    "id": "a20032e2-d0b7-48f9-bf32-0081645810c6",
    "data": [
      {
        "text": "reserve a spot in the ",
        "userDefined": false
      },
      {
        "text": "restaurant",
        "meta": "@sys.ignore",
        "userDefined": false
      }
    ],
    "isTemplate": false,
    "count": 0,
    "updated": 1523996361
  },
  {
    "id": "5e31af1f-de4c-4c1d-ab6b-448eafe3ec52",
    "data": [
      {
        "text": "book a reservation",
        "userDefined": false
      }
    ],
    "isTemplate": false,
    "count": 0,
    "updated": 1523996361
  },
  {
    "id": "8c116f0d-da9b-41d4-ad79-a66a57affde7",
    "data": [
      {
        "text": "car service",
        "userDefined": false
      }
    ],
    "isTemplate": false,
    "count": 0,
    "updated": 1523996361
  },
  {
    "id": "6843c036-59f9-4d7c-a9f7-14b40a0ce464",
    "data": [
      {
        "text": "booking a massage",
        "userDefined": false
      }
    ],
    "isTemplate": false,
    "count": 0,
    "updated": 1523996361
  },
  {
    "id": "2e7dadcd-0e01-43fd-9b96-414c12e18c8e",
    "data": [
      {
        "text": "how to log into opera",
        "userDefined": false
      }
    ],
    "isTemplate": false,
    "count": 0,
    "updated": 1523996361
  },
  {
    "id": "84e7fcc0-10ad-4dbf-b421-c81fa361fc50",
    "data": [
      {
        "text": "how to log into property ",
        "userDefined": false
      },
      {
        "text": "management",
        "alias": "departments",
        "meta": "@departments",
        "userDefined": true
      },
      {
        "text": " system",
        "userDefined": false
      }
    ],
    "isTemplate": false,
    "count": 0,
    "updated": 1523977454
  },
  {
    "id": "89851231-93f8-47f7-935d-33a64a8051a2",
    "data": [
      {
        "text": "what services does a ",
        "userDefined": false
      },
      {
        "text": "concierge",
        "alias": "departments",
        "meta": "@departments",
        "userDefined": true
      },
      {
        "text": " provide",
        "userDefined": false
      }
    ],
    "isTemplate": false,
    "count": 1,
    "updated": 1523977454
  },
  {
    "id": "33b32f23-3c9e-4e4d-91d3-0a5d1c1653ff",
    "data": [
      {
        "text": "how to be a ",
        "userDefined": false
      },
      {
        "text": "concierge",
        "alias": "departments",
        "meta": "@departments",
        "userDefined": true
      }
    ],
    "isTemplate": false,
    "count": 0,
    "updated": 1523977454
  },
  {
    "id": "d142ad10-ce9a-41e8-8bb3-89ee07a940af",
    "data": [
      {
        "text": "is there a way to access the computer workstation in the ",
        "userDefined": false
      },
      {
        "text": "front office",
        "alias": "departments",
        "meta": "@departments",
        "userDefined": false
      }
    ],
    "isTemplate": false,
    "count": 0,
    "updated": 1523977454
  },
  {
    "id": "5f1eb019-c900-471b-bbdf-8aad93f2a13d",
    "data": [
      {
        "text": "how to log into computer at ",
        "userDefined": false
      },
      {
        "text": "front desk",
        "alias": "departments",
        "meta": "@departments",
        "userDefined": false
      }
    ],
    "isTemplate": false,
    "count": 0,
    "updated": 1523977454
  },
  {
    "id": "7858cae3-df46-4881-8607-7bb876ba0572",
    "data": [
      {
        "text": "what is the handover protocol when changing shifts",
        "userDefined": false
      }
    ],
    "isTemplate": false,
    "count": 0,
    "updated": 1523977454
  },
  {
    "id": "00af24d6-4f19-4f39-9c91-616eac560f07",
    "data": [
      {
        "text": "how do I schedule wake up calls",
        "userDefined": false
      }
    ],
    "isTemplate": false,
    "count": 0,
    "updated": 1523977454
  },
  {
    "id": "9d098177-c96a-4c2b-a1ae-4c15c8bc1044",
    "data": [
      {
        "text": "how do I perform a wake-up call",
        "userDefined": false
      }
    ],
    "isTemplate": false,
    "count": 0,
    "updated": 1523977454
  },
  {
    "id": "b9b7b8bc-697e-4dba-b0c6-72f4ad4c6ae4",
    "data": [
      {
        "text": "how do I change shifts at the ",
        "userDefined": false
      },
      {
        "text": "front desk",
        "alias": "departments",
        "meta": "@departments",
        "userDefined": false
      }
    ],
    "isTemplate": false,
    "count": 0,
    "updated": 1523977454
  },
  {
    "id": "0daca217-da0b-4e1a-bc3f-9a0fc4340f85",
    "data": [
      {
        "text": "how do I change shifts as a ",
        "userDefined": false
      },
      {
        "text": "manager",
        "alias": "departments",
        "meta": "@departments",
        "userDefined": false
      }
    ],
    "isTemplate": false,
    "count": 0,
    "updated": 1523977454
  },
  {
    "id": "426b2dbe-a0ad-4473-8da9-c9c553089796",
    "data": [
      {
        "text": "I want to know how to perform a handover from previous shift",
        "userDefined": false
      }
    ],
    "isTemplate": false,
    "count": 0,
    "updated": 1523977454
  }
]