[
  {
    "id": "1ea37742-ac32-46cf-a867-eb56fc4fa042",
    "data": [
      {
        "text": "what is the ",
        "userDefined": false
      },
      {
        "text": "number",
        "alias": "Company_Contact_Info",
        "meta": "@Company_Contact_Info",
        "userDefined": false
      },
      {
        "text": " to the ",
        "userDefined": false
      },
      {
        "text": "front desk",
        "alias": "departments",
        "meta": "@departments",
        "userDefined": false
      }
    ],
    "isTemplate": false,
    "count": 0,
    "updated": 1523970990
  }
]