[
  {
    "id": "8c4db546-85a9-44e8-bef2-b4b5c739846f",
    "data": [
      {
        "text": "check into ",
        "userDefined": false
      },
      {
        "text": "hotel",
        "alias": "company",
        "meta": "@company",
        "userDefined": false
      }
    ],
    "isTemplate": false,
    "count": 0,
    "updated": 1523996044
  },
  {
    "id": "3a7e9187-a240-4603-a1c1-190779b77b42",
    "data": [
      {
        "text": "check in",
        "userDefined": false
      }
    ],
    "isTemplate": false,
    "count": 0,
    "updated": 1523996044
  },
  {
    "id": "aa2e5386-bf47-4eaa-a1b5-81baa801cc4e",
    "data": [
      {
        "text": "check-in",
        "userDefined": false
      }
    ],
    "isTemplate": false,
    "count": 0,
    "updated": 1523996044
  },
  {
    "id": "4cc92102-afb9-4d43-9a49-d06bdecad7f1",
    "data": [
      {
        "text": "checking in",
        "userDefined": false
      }
    ],
    "isTemplate": false,
    "count": 0,
    "updated": 1523996044
  },
  {
    "id": "65d1412a-37c7-4d80-aebd-a05b235cd19b",
    "data": [
      {
        "text": "checking-in",
        "userDefined": false
      }
    ],
    "isTemplate": false,
    "count": 0,
    "updated": 1523996044
  },
  {
    "id": "24bd21e5-0991-469f-b8ee-6246a9437139",
    "data": [
      {
        "text": "how do check-in",
        "userDefined": false
      }
    ],
    "isTemplate": false,
    "count": 0,
    "updated": 1523996044
  },
  {
    "id": "11a3837e-ad62-4eef-8685-4f446bc6cf3f",
    "data": [
      {
        "text": "how do I check in guests",
        "userDefined": false
      }
    ],
    "isTemplate": false,
    "count": 0,
    "updated": 1523996044
  },
  {
    "id": "e66b54aa-6d63-4a3d-8dce-8b35ff3a4860",
    "data": [
      {
        "text": "how to check a guest into ",
        "userDefined": false
      },
      {
        "text": "hotel",
        "alias": "company",
        "meta": "@company",
        "userDefined": false
      }
    ],
    "isTemplate": false,
    "count": 0,
    "updated": 1523996044
  },
  {
    "id": "3f5edd9e-b409-42c6-b272-c3c9cd08b1a9",
    "data": [
      {
        "text": "tell me about how to check-in guests",
        "userDefined": false
      }
    ],
    "isTemplate": false,
    "count": 0,
    "updated": 1523996044
  }
]