[
  {
    "id": "37e4c3f8-2958-4cd1-804e-f180cd52b4cc",
    "data": [
      {
        "text": "public area",
        "alias": "public_areas1",
        "meta": "@public_areas",
        "userDefined": false
      },
      {
        "text": " ",
        "userDefined": false
      },
      {
        "text": "lobby",
        "alias": "public_areas",
        "meta": "@public_areas",
        "userDefined": false
      }
    ],
    "isTemplate": false,
    "count": 0,
    "updated": 1523998375
  },
  {
    "id": "cfcdf6a9-8e97-40db-910e-39b38d1c7dd4",
    "data": [
      {
        "text": "does",
        "alias": "task",
        "meta": "@task",
        "userDefined": false
      },
      {
        "text": " ",
        "userDefined": false
      },
      {
        "text": "housekeeping",
        "alias": "Housekeeping_Help",
        "meta": "@Housekeeping_Help",
        "userDefined": false
      },
      {
        "text": " ",
        "userDefined": false
      },
      {
        "text": "clean",
        "alias": "Housekeeping_Help",
        "meta": "@Housekeeping_Help",
        "userDefined": false
      },
      {
        "text": " the ",
        "userDefined": false
      },
      {
        "text": "lobby",
        "alias": "public_areas",
        "meta": "@public_areas",
        "userDefined": false
      }
    ],
    "isTemplate": false,
    "count": 0,
    "updated": 1523998375
  },
  {
    "id": "11047aeb-3602-409c-a21f-573ba44b2343",
    "data": [
      {
        "text": "housekeeping",
        "alias": "Housekeeping_Help",
        "meta": "@Housekeeping_Help",
        "userDefined": false
      },
      {
        "text": " in ",
        "userDefined": false
      },
      {
        "text": "lobby",
        "alias": "public_areas",
        "meta": "@public_areas",
        "userDefined": false
      }
    ],
    "isTemplate": false,
    "count": 1,
    "updated": 1523998375
  },
  {
    "id": "386fffd3-94f5-49a1-aeef-9c11c697a030",
    "data": [
      {
        "text": "how to ",
        "userDefined": false
      },
      {
        "text": "clean",
        "alias": "Housekeeping_Help",
        "meta": "@Housekeeping_Help",
        "userDefined": false
      },
      {
        "text": " ",
        "userDefined": false
      },
      {
        "text": "lobby",
        "alias": "public_areas",
        "meta": "@public_areas",
        "userDefined": false
      }
    ],
    "isTemplate": false,
    "count": 0,
    "updated": 1523998375
  },
  {
    "id": "49959634-6e08-40a4-a0a6-dd098c121702",
    "data": [
      {
        "text": "main lobby",
        "alias": "public_areas",
        "meta": "@public_areas",
        "userDefined": false
      }
    ],
    "isTemplate": false,
    "count": 0,
    "updated": 1523998375
  },
  {
    "id": "3aa3b4ab-1ca5-415a-8b31-8b017faa0b3c",
    "data": [
      {
        "text": "clean",
        "alias": "Housekeeping_Help",
        "meta": "@Housekeeping_Help",
        "userDefined": false
      },
      {
        "text": " the ",
        "userDefined": false
      },
      {
        "text": "lobby",
        "alias": "public_areas",
        "meta": "@public_areas",
        "userDefined": false
      }
    ],
    "isTemplate": false,
    "count": 0,
    "updated": 1523998375
  },
  {
    "id": "fff5739e-2f1a-4901-aa6e-187398d65c5c",
    "data": [
      {
        "text": "lobby",
        "alias": "public_areas",
        "meta": "@public_areas",
        "userDefined": false
      }
    ],
    "isTemplate": false,
    "count": 0,
    "updated": 1523998375
  }
]