[
  {
    "id": "c071c2b3-0fe3-4dea-bb2e-b2b8f0201048",
    "data": [
      {
        "text": "housekeeping",
        "alias": "Housekeeping_Help",
        "meta": "@Housekeeping_Help",
        "userDefined": true
      },
      {
        "text": " in ",
        "userDefined": false
      },
      {
        "text": "public areas",
        "alias": "public_areas",
        "meta": "@public_areas",
        "userDefined": true
      }
    ],
    "isTemplate": false,
    "count": 0,
    "updated": 1523985514
  },
  {
    "id": "8e2ce52f-99b2-403d-ae31-eab3e71f7afb",
    "data": [
      {
        "text": "cleaning",
        "alias": "Housekeeping_Help",
        "meta": "@Housekeeping_Help",
        "userDefined": true
      },
      {
        "text": " ",
        "userDefined": false
      },
      {
        "text": "public",
        "alias": "public_areas",
        "meta": "@public_areas",
        "userDefined": true
      },
      {
        "text": " space",
        "userDefined": false
      }
    ],
    "isTemplate": false,
    "count": 0,
    "updated": 1523985514
  },
  {
    "id": "10a7fdcd-b5b9-40ff-ad64-332b21da6043",
    "data": [
      {
        "text": "lobby",
        "alias": "public_areas",
        "meta": "@public_areas",
        "userDefined": true
      },
      {
        "text": " area",
        "userDefined": false
      }
    ],
    "isTemplate": false,
    "count": 0,
    "updated": 1523985514
  },
  {
    "id": "ce8c3f80-6b24-40dc-9029-58e1bf58f824",
    "data": [
      {
        "text": "lobby",
        "alias": "public_areas",
        "meta": "@public_areas",
        "userDefined": true
      }
    ],
    "isTemplate": false,
    "count": 0,
    "updated": 1523985514
  },
  {
    "id": "038c1b1e-9254-4ed6-aab0-30320cf3d046",
    "data": [
      {
        "text": "hallway",
        "alias": "public_areas",
        "meta": "@public_areas",
        "userDefined": true
      }
    ],
    "isTemplate": false,
    "count": 0,
    "updated": 1523985514
  },
  {
    "id": "4b49dc55-d923-41d9-ad7e-8e84f1da9e1b",
    "data": [
      {
        "text": "hallways",
        "alias": "public_areas",
        "meta": "@public_areas",
        "userDefined": true
      }
    ],
    "isTemplate": false,
    "count": 0,
    "updated": 1523985514
  },
  {
    "id": "23df167f-c967-47c1-9f05-24019f9bec27",
    "data": [
      {
        "text": "elevator",
        "alias": "public_areas",
        "meta": "@public_areas",
        "userDefined": true
      }
    ],
    "isTemplate": false,
    "count": 0,
    "updated": 1523985514
  },
  {
    "id": "28826061-325f-4db7-9737-fa700ba0fcd4",
    "data": [
      {
        "text": "cleaning",
        "alias": "Housekeeping_Help",
        "meta": "@Housekeeping_Help",
        "userDefined": true
      },
      {
        "text": " ",
        "userDefined": false
      },
      {
        "text": "public areas",
        "alias": "public_areas",
        "meta": "@public_areas",
        "userDefined": true
      }
    ],
    "isTemplate": false,
    "count": 0,
    "updated": 1523985514
  },
  {
    "id": "d247e0fa-b03a-4a66-9dde-27845513997c",
    "data": [
      {
        "text": "how do I ",
        "userDefined": false
      },
      {
        "text": "clean",
        "alias": "Housekeeping_Help",
        "meta": "@Housekeeping_Help",
        "userDefined": true
      },
      {
        "text": " in ",
        "userDefined": false
      },
      {
        "text": "public areas",
        "alias": "public_areas",
        "meta": "@public_areas",
        "userDefined": true
      }
    ],
    "isTemplate": false,
    "count": 0,
    "updated": 1523985514
  }
]