[
  {
    "id": "b216bf63-9ab1-45b4-9e3a-7d982d32f287",
    "data": [
      {
        "text": "housekeeping",
        "alias": "Housekeeping_Help",
        "meta": "@Housekeeping_Help",
        "userDefined": false
      },
      {
        "text": " for ",
        "userDefined": false
      },
      {
        "text": "elevator",
        "alias": "public_areas",
        "meta": "@public_areas",
        "userDefined": false
      }
    ],
    "isTemplate": false,
    "count": 0,
    "updated": 1523997746
  },
  {
    "id": "42a486b8-85cb-46ad-b838-77b889ab331d",
    "data": [
      {
        "text": "cleaning",
        "alias": "Housekeeping_Help",
        "meta": "@Housekeeping_Help",
        "userDefined": false
      },
      {
        "text": " the ",
        "userDefined": false
      },
      {
        "text": "lift",
        "alias": "public_areas",
        "meta": "@public_areas",
        "userDefined": false
      }
    ],
    "isTemplate": false,
    "count": 0,
    "updated": 1523997746
  },
  {
    "id": "cd5990d9-7a97-470e-b1a3-52cec8440bcd",
    "data": [
      {
        "text": "elevator",
        "alias": "public_areas",
        "meta": "@public_areas",
        "userDefined": true
      }
    ],
    "isTemplate": false,
    "count": 0,
    "updated": 1523997746
  },
  {
    "id": "8aed39aa-521d-430e-a777-6ed4726a75e3",
    "data": [
      {
        "text": "cleaning",
        "alias": "Housekeeping_Help",
        "meta": "@Housekeeping_Help",
        "userDefined": false
      },
      {
        "text": " ",
        "userDefined": false
      },
      {
        "text": "elevators",
        "alias": "public_areas",
        "meta": "@public_areas",
        "userDefined": false
      }
    ],
    "isTemplate": false,
    "count": 0,
    "updated": 1523997746
  },
  {
    "id": "201c45e4-92d5-41b8-b373-daa5a134ca4f",
    "data": [
      {
        "text": "elevator",
        "alias": "public_areas",
        "meta": "@public_areas",
        "userDefined": false
      },
      {
        "text": " ",
        "userDefined": false
      },
      {
        "text": "clean",
        "alias": "Housekeeping_Help",
        "meta": "@Housekeeping_Help",
        "userDefined": false
      },
      {
        "text": " up",
        "userDefined": false
      }
    ],
    "isTemplate": false,
    "count": 0,
    "updated": 1523997746
  }
]