[
  {
    "id": "52f346a8-56aa-465a-95e7-5dc71000a5a0",
    "data": [
      {
        "text": "yup, can you tell me about the ",
        "userDefined": false
      },
      {
        "text": "front desk",
        "alias": "departments",
        "meta": "@departments",
        "userDefined": false
      }
    ],
    "isTemplate": false,
    "count": 0,
    "updated": 1523558519
  },
  {
    "id": "499f7ce6-0176-4c36-9cfc-0e74dee4ea83",
    "data": [
      {
        "text": "what are the ",
        "userDefined": false
      },
      {
        "text": "steps",
        "alias": "task",
        "meta": "@task",
        "userDefined": false
      }
    ],
    "isTemplate": false,
    "count": 0,
    "updated": 1523558519
  },
  {
    "id": "43980a1c-5205-47aa-81ba-6ad61d1c8abd",
    "data": [
      {
        "text": "yes, tell me more",
        "userDefined": false
      }
    ],
    "isTemplate": false,
    "count": 0,
    "updated": 1523558519
  },
  {
    "id": "e33d8813-0681-4683-bddb-b3b072669bb1",
    "data": [
      {
        "text": "yes",
        "userDefined": false
      }
    ],
    "isTemplate": false,
    "count": 0,
    "updated": 1523558519
  },
  {
    "id": "a3f3563d-854b-471c-ba2d-1da4ecf52fb7",
    "data": [
      {
        "text": "tell me about ",
        "userDefined": false
      },
      {
        "text": "bookkeeping",
        "alias": "departments",
        "meta": "@departments",
        "userDefined": false
      },
      {
        "text": " tasks at the ",
        "userDefined": false
      },
      {
        "text": "hotel",
        "alias": "company",
        "meta": "@company",
        "userDefined": false
      }
    ],
    "isTemplate": false,
    "count": 0,
    "updated": 1523558519
  },
  {
    "id": "c452c888-08c7-40da-8adb-5770b204ec5a",
    "data": [
      {
        "text": "tell me about the ",
        "userDefined": false
      },
      {
        "text": "tasks",
        "alias": "task",
        "meta": "@task",
        "userDefined": true
      },
      {
        "text": " in ",
        "userDefined": false
      },
      {
        "text": "housekeeping",
        "alias": "departments",
        "meta": "@departments",
        "userDefined": false
      }
    ],
    "isTemplate": false,
    "count": 0,
    "updated": 1523558519
  }
]