[
  {
    "id": "627c811e-efae-4410-93d3-99f713854ea4",
    "data": [
      {
        "text": "tell me about the ",
        "userDefined": false
      },
      {
        "text": "front desk",
        "alias": "departments",
        "meta": "@departments",
        "userDefined": false
      }
    ],
    "isTemplate": false,
    "count": 0,
    "updated": 1523385978
  },
  {
    "id": "8cf1f2c9-7bb3-48c4-92f7-2b4457262405",
    "data": [
      {
        "text": "How can I do my ",
        "userDefined": false
      },
      {
        "text": "job",
        "alias": "departments",
        "meta": "@departments",
        "userDefined": false
      }
    ],
    "isTemplate": false,
    "count": 0,
    "updated": 1523385978
  },
  {
    "id": "fce57fd1-93a5-4e31-8820-77fa641aecc8",
    "data": [
      {
        "text": "what do I do",
        "userDefined": false
      }
    ],
    "isTemplate": false,
    "count": 0,
    "updated": 1523385978
  },
  {
    "id": "3b17fa15-4c17-4623-a4d7-050c3f10fb2c",
    "data": [
      {
        "text": "what is my ",
        "userDefined": false
      },
      {
        "text": "job",
        "alias": "departments",
        "meta": "@departments",
        "userDefined": false
      }
    ],
    "isTemplate": false,
    "count": 0,
    "updated": 1523385978
  },
  {
    "id": "ffc0099c-b517-4c29-804c-9764492284ed",
    "data": [
      {
        "text": "I want to know about my ",
        "userDefined": false
      },
      {
        "text": "job",
        "alias": "departments",
        "meta": "@departments",
        "userDefined": false
      }
    ],
    "isTemplate": false,
    "count": 0,
    "updated": 1523385978
  }
]