[
  {
    "value": "bookkeeping",
    "synonyms": [
      "bookkeeping",
      "manage books",
      "disperse funds",
      "accounting",
      "accountant",
      "finances",
      "financial planning",
      "financial analysis",
      "book keeping",
      "bookeeping"
    ]
  },
  {
    "value": "manage the books",
    "synonyms": [
      "manage the books"
    ]
  },
  {
    "value": "bookkeeper",
    "synonyms": [
      "bookkeeper"
    ]
  },
  {
    "value": "books",
    "synonyms": [
      "books"
    ]
  },
  {
    "value": "number cruncher",
    "synonyms": [
      "number cruncher"
    ]
  }
]