[
  {
    "value": "Valhalla Restaurant Lounge and Terrace",
    "synonyms": [
      "Valhalla Restaurant Lounge and Terrace",
      "Valhalla",
      "Restaurant",
      "Lounge",
      "Terrace Eatery",
      "Meal at Valhalla",
      "Hotel Restaurant",
      "Restaurant in the hotel",
      "Eat at Valhalla"
    ]
  },
  {
    "value": "Booleans Bar and Cafe",
    "synonyms": [
      "Booleans Bar and Cafe",
      "Booleans",
      "Coffee bar",
      "bar",
      "Booleans Bar",
      "Someplace to drink",
      "a good drink around here",
      "best coffee in Miami",
      "Wine and spirits"
    ]
  },
  {
    "value": "Orion Hotel Miami",
    "synonyms": [
      "Orion Hotel Miami",
      "Orion Hotel",
      "Miami Beach Hotel",
      "Hotel",
      "Boutique Hotel",
      "Orion",
      "the hotel"
    ]
  },
  {
    "value": "amenities",
    "synonyms": [
      "amenities"
    ]
  },
  {
    "value": "dining",
    "synonyms": [
      "dining",
      "restaurant"
    ]
  }
]