[
  {
    "value": "company contact",
    "synonyms": [
      "company contact",
      "contact information for the Orion Hotel",
      "contact info for hotel"
    ]
  },
  {
    "value": "phone",
    "synonyms": [
      "phone"
    ]
  },
  {
    "value": "number",
    "synonyms": [
      "number"
    ]
  },
  {
    "value": "digits",
    "synonyms": [
      "digits"
    ]
  },
  {
    "value": "call",
    "synonyms": [
      "call"
    ]
  },
  {
    "value": "phone number",
    "synonyms": [
      "phone number"
    ]
  },
  {
    "value": "contact",
    "synonyms": [
      "contact"
    ]
  },
  {
    "value": "info",
    "synonyms": [
      "info"
    ]
  }
]