[
  {
    "value": "Orion Hotel",
    "synonyms": [
      "Orion Hotel",
      "The Orion",
      "Hotel",
      "Hotel in Miami"
    ]
  },
  {
    "value": "company",
    "synonyms": [
      "company"
    ]
  },
  {
    "value": "places to eat",
    "synonyms": [
      "places to eat"
    ]
  },
  {
    "value": "tennis court",
    "synonyms": [
      "tennis court"
    ]
  },
  {
    "value": "pool",
    "synonyms": [
      "pool"
    ]
  },
  {
    "value": "business",
    "synonyms": [
      "business"
    ]
  },
  {
    "value": "the hotel",
    "synonyms": [
      "the hotel"
    ]
  },
  {
    "value": "gym",
    "synonyms": [
      "gym"
    ]
  },
  {
    "value": "here",
    "synonyms": [
      "here"
    ]
  },
  {
    "value": "Katenna",
    "synonyms": [
      "Katenna",
      "Katenna hotel",
      "katena",
      "katina",
      "Katenna company"
    ]
  }
]