[
  {
    "value": "Front Office",
    "synonyms": [
      "Front Office",
      "recepcion",
      "front desk",
      "receiving"
    ]
  },
  {
    "value": "Housekeeping",
    "synonyms": [
      "Housekeeping",
      "maintenance",
      "housekeeper",
      "maid service",
      "house services"
    ]
  },
  {
    "value": "Accounting",
    "synonyms": [
      "Accounting",
      "Bookkeeping",
      "Manage the Books",
      "Bookkeeper",
      "Accountant",
      "Financial Services"
    ]
  },
  {
    "value": "Bellman",
    "synonyms": [
      "Bellman",
      "Bellhop",
      "Bellboy",
      "attendant",
      "gofer",
      "page boy",
      "usher",
      "squire",
      "steward",
      "caddie"
    ]
  },
  {
    "value": "Manager",
    "synonyms": [
      "Manager",
      "upper management",
      "shift manager"
    ]
  },
  {
    "value": "concierge",
    "synonyms": [
      "concierge"
    ]
  },
  {
    "value": "job",
    "synonyms": [
      "job"
    ]
  },
  {
    "value": "management",
    "synonyms": [
      "management"
    ]
  },
  {
    "value": "departments",
    "synonyms": [
      "departments"
    ]
  },
  {
    "value": "dept",
    "synonyms": [
      "dept"
    ]
  }
]