[
  {
    "value": "bed",
    "synonyms": [
      "bed",
      "make bed"
    ]
  },
  {
    "value": "bathroom",
    "synonyms": [
      "bathroom",
      "restroom",
      "shower",
      "bath",
      "sink",
      "towel"
    ]
  },
  {
    "value": "supplies",
    "synonyms": [
      "supplies",
      "tissues",
      "toilet paper",
      "mini-bar"
    ]
  },
  {
    "value": "clean linens",
    "synonyms": [
      "linens",
      "clean sheets",
      "clean towels",
      "laundry",
      "new sheets"
    ]
  },
  {
    "value": "glass surfaces",
    "synonyms": [
      "windows",
      "mirrors"
    ]
  },
  {
    "value": "counters",
    "synonyms": [
      "counters",
      "counter-tops",
      "wood surfaces"
    ]
  },
  {
    "value": "floors",
    "synonyms": [
      "floors",
      "carpet",
      "tile floor",
      "wood floor"
    ]
  }
]