[
  {
    "value": "housekeeping",
    "synonyms": [
      "housekeeping",
      "house keeping",
      "cleaning rooms",
      "room clean up"
    ]
  },
  {
    "value": "housekeepers",
    "synonyms": [
      "housekeepers"
    ]
  },
  {
    "value": "house keepers",
    "synonyms": [
      "house keepers"
    ]
  },
  {
    "value": "cleaning services",
    "synonyms": [
      "cleaning services"
    ]
  },
  {
    "value": "duties",
    "synonyms": [
      "duties"
    ]
  },
  {
    "value": "cleaning",
    "synonyms": [
      "cleaning"
    ]
  },
  {
    "value": "clean",
    "synonyms": [
      "clean"
    ]
  }
]