[
  {
    "value": "Katenna Restaurant",
    "synonyms": [
      "Katenna Restaurant",
      "restaurant",
      "dining"
    ]
  },
  {
    "value": "cuisine",
    "synonyms": [
      "cuisine",
      "international and American food",
      "type of food",
      "kind of food",
      "what do they serve"
    ]
  },
  {
    "value": "hours",
    "synonyms": [
      "hours",
      "open",
      "closed"
    ]
  },
  {
    "value": "lunch",
    "synonyms": [
      "lunch"
    ]
  },
  {
    "value": "breakfast",
    "synonyms": [
      "breakfast"
    ]
  },
  {
    "value": "dinner",
    "synonyms": [
      "dinner"
    ]
  }
]