[
  {
    "value": "Management",
    "synonyms": [
      "Management",
      "managers",
      "head manager"
    ]
  },
  {
    "value": "Manager",
    "synonyms": [
      "Manager",
      "supervisor of hotel"
    ]
  },
  {
    "value": "administrative",
    "synonyms": [
      "administrative"
    ]
  },
  {
    "value": "admin",
    "synonyms": [
      "admin"
    ]
  },
  {
    "value": "administrators",
    "synonyms": [
      "administrators"
    ]
  },
  {
    "value": "office admin",
    "synonyms": [
      "office admin"
    ]
  },
  {
    "value": "head",
    "synonyms": [
      "head"
    ]
  }
]