[
  {
    "value": "hallways",
    "synonyms": [
      "hallways",
      "halls",
      "the hall",
      "outside guest rooms"
    ]
  },
  {
    "value": "elevators",
    "synonyms": [
      "elevators",
      "lift",
      "elevator",
      "Elisha Graves Otis",
      "Otis vertical lift"
    ]
  },
  {
    "value": "lobby",
    "synonyms": [
      "lobby",
      "main lobby",
      "lobby area"
    ]
  },
  {
    "value": "public areas",
    "synonyms": [
      "public areas"
    ]
  },
  {
    "value": "public",
    "synonyms": [
      "public"
    ]
  }
]