[
  {
    "value": "change sheets on bed",
    "synonyms": [
      "change sheets on bed",
      "new sheets",
      "change bedsheets",
      "mattress linens",
      "bedding",
      "pillows",
      "comforter",
      "bedspread",
      "fitted sheet",
      "linens",
      "make a bed"
    ]
  },
  {
    "value": "clean bathroom",
    "synonyms": [
      "clean bathroom",
      "wash bath tub",
      "clean shower",
      "scrub tile floor",
      "clean mirror",
      "clean sink",
      "counter surface",
      "bath",
      "shower curtain",
      "towels",
      "floor mat",
      "toilet",
      "toilet brush"
    ]
  },
  {
    "value": "restock",
    "synonyms": [
      "restock",
      "more towels",
      "shampoo",
      "conditioner",
      "soap",
      "moisturizer",
      "tissue",
      "toilet paper",
      "Kleenex"
    ]
  },
  {
    "value": "cleaning supplies",
    "synonyms": [
      "cleaning supplies",
      "bleach",
      "Windex",
      "Softscrub",
      "cleaners",
      "chemicals",
      "sponge",
      "mop",
      "brush"
    ]
  }
]