[
  {
    "value": "supervisor",
    "synonyms": [
      "supervisor",
      "head honcho",
      "guy in charge",
      "the tope banana",
      "top dog",
      "big wig",
      "lead dude",
      "leader",
      "the dude",
      "lady Guinevere",
      "the queen of the castle",
      "queen bee",
      "sits on the iron throne"
    ]
  },
  {
    "value": "in charge",
    "synonyms": [
      "in charge"
    ]
  },
  {
    "value": "head",
    "synonyms": [
      "head"
    ]
  },
  {
    "value": "sup",
    "synonyms": [
      "sup"
    ]
  },
  {
    "value": "supervises",
    "synonyms": [
      "supervises"
    ]
  },
  {
    "value": "boss",
    "synonyms": [
      "boss"
    ]
  },
  {
    "value": "managers",
    "synonyms": [
      "managers"
    ]
  },
  {
    "value": "manages",
    "synonyms": [
      "manages"
    ]
  }
]