[
  {
    "value": "task",
    "synonyms": [
      "task"
    ]
  },
  {
    "value": "stuff to do",
    "synonyms": [
      "stuff to do"
    ]
  },
  {
    "value": "steps",
    "synonyms": [
      "steps"
    ]
  },
  {
    "value": "stuff",
    "synonyms": [
      "stuff"
    ]
  },
  {
    "value": "does",
    "synonyms": [
      "does"
    ]
  },
  {
    "value": "duties",
    "synonyms": [
      "duties"
    ]
  },
  {
    "value": "responsible for",
    "synonyms": [
      "responsible for"
    ]
  },
  {
    "value": "responsibilities",
    "synonyms": [
      "responsibilities"
    ]
  }
]